Age,Sex,Job,Housing,Credit amount,Duration,Risk,Both_Accounts_Null,Credit_per_month,Stress_score,Saving_score,Checking_score,Financial_strength,Business_risk,High_risk_combo,Purpose_car,Purpose_domestic appliances,Purpose_education,Purpose_furniture/equipment,Purpose_radio/TV,Purpose_repairs,Purpose_vacation/others
67,0,2,2,1169,6,0,0,194.83333333333334,1,0.0,1.0,1.0,0,0,0,0,0,0,1,0,0
22,1,2,2,5951,48,1,0,123.97916666666667,0,1.0,2.0,3.0,0,0,0,0,0,0,1,0,0
49,0,1,2,2096,12,0,0,174.66666666666666,1,1.0,0.0,1.0,0,0,0,0,1,0,0,0,0
45,0,2,0,7882,42,0,0,187.66666666666666,0,1.0,1.0,2.0,0,0,0,0,0,1,0,0,0
53,0,2,0,4870,24,1,0,202.91666666666666,0,1.0,1.0,2.0,0,0,1,0,0,0,0,0,0
35,0,1,0,9055,36,0,1,251.52777777777777,2,0.0,0.0,0.0,0,1,0,0,1,0,0,0,0
53,0,2,2,2835,24,0,0,118.125,1,4.0,0.0,4.0,0,0,0,0,0,1,0,0,0
35,0,3,1,6948,36,0,0,193.0,1,1.0,2.0,3.0,0,0,1,0,0,0,0,0,0
61,0,1,2,3059,12,0,0,254.91666666666666,1,3.0,0.0,3.0,0,0,0,0,0,0,1,0,0
28,0,3,2,5234,30,1,0,174.46666666666667,0,1.0,2.0,3.0,0,0,1,0,0,0,0,0,0
25,1,2,1,1295,12,1,0,107.91666666666667,1,1.0,2.0,3.0,0,0,1,0,0,0,0,0,0
24,1,2,1,4308,48,1,0,89.75,1,1.0,1.0,2.0,0,0,0,0,0,0,0,0,0
22,1,2,2,1567,12,0,0,130.58333333333334,0,1.0,2.0,3.0,0,0,0,0,0,0,1,0,0
60,0,1,2,1199,24,1,0,49.958333333333336,0,1.0,1.0,2.0,0,0,1,0,0,0,0,0,0
28,1,2,1,1403,15,0,0,93.53333333333333,1,1.0,1.0,2.0,0,0,1,0,0,0,0,0,0
32,1,1,2,1282,24,1,0,53.416666666666664,0,2.0,1.0,3.0,0,0,0,0,0,0,1,0,0
53,0,2,2,2424,24,0,1,101.0,2,0.0,0.0,0.0,0,0,0,0,0,0,1,0,0
25,0,2,2,8072,30,0,0,269.06666666666666,1,0.0,1.0,1.0,0,0,0,0,0,0,0,0,0
44,1,3,0,12579,24,1,0,524.125,0,1.0,2.0,3.0,0,0,1,0,0,0,0,0,0
31,0,2,2,3430,24,0,0,142.91666666666666,1,4.0,0.0,4.0,0,0,0,0,0,0,1,0,0
48,0,2,2,2134,9,0,0,237.11111111111111,1,1.0,0.0,1.0,0,0,1,0,0,0,0,0,0
44,0,2,1,2647,6,0,0,441.1666666666667,1,4.0,1.0,5.0,0,0,0,0,0,0,1,0,0
48,0,1,1,2241,10,0,0,224.1,1,1.0,1.0,2.0,0,0,1,0,0,0,0,0,0
44,0,2,2,1804,12,0,0,150.33333333333334,0,2.0,2.0,4.0,0,0,1,0,0,0,0,0,0
26,0,2,2,2069,10,0,1,206.9,2,0.0,0.0,0.0,0,1,0,0,0,1,0,0,0
36,0,1,2,1374,6,0,0,229.0,0,1.0,1.0,2.0,0,0,0,0,0,1,0,0,0
39,0,1,2,426,6,0,0,71.0,1,1.0,0.0,1.0,0,0,0,0,0,0,1,0,0
42,1,2,1,409,12,0,0,34.083333333333336,1,3.0,3.0,6.0,0,0,0,0,0,0,1,0,0
34,0,2,2,2415,7,0,0,345.0,0,1.0,2.0,3.0,0,0,0,0,0,0,1,0,0
63,0,2,2,6836,60,1,0,113.93333333333334,0,1.0,1.0,2.0,0,0,0,0,0,0,0,0,0
36,0,2,2,1913,18,0,0,106.27777777777777,0,3.0,2.0,5.0,0,0,0,0,0,0,0,0,0
27,0,2,2,4020,24,0,0,167.5,0,1.0,1.0,2.0,0,0,0,0,0,1,0,0,0
30,0,2,2,5866,18,0,0,325.8888888888889,0,2.0,2.0,4.0,0,0,1,0,0,0,0,0,0
57,0,1,1,1264,12,0,1,105.33333333333333,3,0.0,0.0,0.0,1,0,0,0,0,0,0,0,0
33,1,3,2,1474,12,0,0,122.83333333333333,0,1.0,3.0,4.0,0,0,0,0,0,1,0,0,0
25,0,1,2,4746,45,1,0,105.46666666666667,0,1.0,2.0,3.0,0,0,0,0,0,0,1,0,0
31,0,2,0,6110,48,0,0,127.29166666666667,1,1.0,0.0,1.0,0,0,0,0,1,0,0,0,0
37,0,2,2,2100,18,1,0,116.66666666666667,0,1.0,3.0,4.0,0,0,0,0,0,0,1,0,0
37,0,2,2,1225,10,0,0,122.5,0,1.0,3.0,4.0,0,0,0,1,0,0,0,0,0
24,0,2,2,458,9,0,0,50.888888888888886,0,1.0,2.0,3.0,0,0,0,0,0,0,1,0,0
30,0,3,2,2333,30,0,0,77.76666666666667,1,4.0,0.0,4.0,0,0,0,0,0,0,1,0,0
26,0,2,2,1158,12,0,0,96.5,0,4.0,2.0,6.0,0,0,0,0,0,0,1,0,0
44,0,1,2,6204,18,0,0,344.6666666666667,0,1.0,2.0,3.0,0,0,0,0,0,0,0,1,0
24,0,2,1,6187,30,0,0,206.23333333333332,1,2.0,1.0,3.0,0,0,1,0,0,0,0,0,0
58,1,1,0,6143,48,1,0,127.97916666666667,0,1.0,1.0,2.0,0,0,1,0,0,0,0,0,0
35,1,3,2,1393,11,0,0,126.63636363636364,1,1.0,0.0,1.0,0,0,1,0,0,0,0,0,0
39,0,2,2,2299,36,0,0,63.861111111111114,1,4.0,0.0,4.0,0,0,0,0,0,0,1,0,0
23,1,0,1,1352,6,0,0,225.33333333333334,1,4.0,1.0,5.0,0,0,1,0,0,0,0,0,0
39,0,1,2,7228,11,0,0,657.0909090909091,1,1.0,0.0,1.0,0,0,1,0,0,0,0,0,0
28,1,2,2,2073,12,0,0,172.75,1,2.0,0.0,2.0,0,0,0,0,0,0,1,0,0
29,0,1,2,2333,24,0,0,97.20833333333333,1,0.0,2.0,2.0,0,0,0,0,0,1,0,0,0
30,0,3,2,5965,27,0,0,220.92592592592592,0,1.0,2.0,3.0,0,0,1,0,0,0,0,0,0
25,0,2,2,1262,12,0,0,105.16666666666667,1,1.0,0.0,1.0,0,0,0,0,0,0,1,0,0
31,0,2,2,3378,18,0,1,187.66666666666666,2,0.0,0.0,0.0,0,1,1,0,0,0,0,0,0
57,0,2,0,2225,36,1,0,61.80555555555556,0,1.0,2.0,3.0,0,0,1,0,0,0,0,0,0
26,0,1,2,783,6,0,1,130.5,2,0.0,0.0,0.0,0,1,1,0,0,0,0,0,0
52,0,3,2,6468,12,1,0,539.0,1,0.0,2.0,2.0,0,0,0,0,0,0,1,0,0
31,1,2,2,9566,36,0,0,265.72222222222223,1,1.0,0.0,1.0,0,0,0,0,0,0,1,0,0
23,1,3,2,1961,18,0,0,108.94444444444444,0,1.0,3.0,4.0,0,0,1,0,0,0,0,0,0
23,1,1,1,6229,36,1,0,173.02777777777777,1,1.0,1.0,2.0,0,0,0,0,0,1,0,0,0
27,0,2,2,1391,9,0,0,154.55555555555554,0,1.0,2.0,3.0,0,0,0,0,0,0,0,0,0
50,0,2,2,1537,15,0,0,102.46666666666667,1,0.0,2.0,2.0,0,0,0,0,0,0,1,0,0
61,0,3,0,1953,36,1,0,54.25,0,1.0,2.0,3.0,0,0,0,0,0,0,0,0,0
25,0,2,2,14421,48,1,0,300.4375,0,1.0,2.0,3.0,0,0,0,0,0,0,0,0,0
26,1,2,2,3181,24,0,0,132.54166666666666,1,1.0,0.0,1.0,0,0,0,0,0,0,1,0,0
48,0,2,2,5190,27,0,1,192.22222222222223,2,0.0,0.0,0.0,0,1,0,0,0,0,0,1,0
29,1,2,2,2171,12,0,0,180.91666666666666,1,1.0,0.0,1.0,0,0,0,0,0,0,1,0,0
22,0,2,2,1007,12,0,0,83.91666666666667,0,3.0,2.0,5.0,0,0,1,0,0,0,0,0,0
37,0,2,0,1819,36,1,0,50.52777777777778,1,1.0,0.0,1.0,0,0,0,0,1,0,0,0,0
25,1,2,2,2394,36,0,1,66.5,2,0.0,0.0,0.0,0,0,0,0,0,0,1,0,0
30,1,2,2,8133,36,0,0,225.91666666666666,1,1.0,0.0,1.0,0,0,1,0,0,0,0,0,0
46,0,1,1,730,7,0,1,104.28571428571429,3,0.0,0.0,0.0,0,0,0,0,0,0,1,0,0
51,0,3,0,1164,8,0,0,145.5,0,1.0,1.0,2.0,0,0,0,0,0,0,0,0,1
41,1,1,2,5954,42,0,0,141.76190476190476,0,1.0,2.0,3.0,0,0,0,0,0,0,0,0,0
40,0,3,2,1977,36,1,0,54.916666666666664,1,0.0,1.0,1.0,0,0,0,0,1,0,0,0,0
66,0,3,0,1526,12,0,0,127.16666666666667,0,1.0,1.0,2.0,0,0,1,0,0,0,0,0,0
34,0,2,2,3965,42,1,0,94.4047619047619,0,1.0,1.0,2.0,0,0,0,0,0,0,1,0,0
51,0,2,2,4771,11,0,0,433.72727272727275,0,1.0,2.0,3.0,0,0,0,0,0,0,1,0,0
39,0,1,2,9436,54,0,1,174.74074074074073,2,0.0,0.0,0.0,0,1,1,0,0,0,0,0,0
22,0,2,2,3832,30,0,0,127.73333333333333,0,1.0,2.0,3.0,0,0,0,0,0,1,0,0,0
44,1,2,2,5943,24,1,1,247.625,2,0.0,0.0,0.0,0,1,0,0,0,0,1,0,0
47,0,2,2,1213,15,0,0,80.86666666666666,1,4.0,0.0,4.0,0,0,0,0,0,0,1,0,0
24,1,1,1,1568,18,0,0,87.11111111111111,2,2.0,0.0,2.0,0,0,0,0,0,0,0,0,0
58,1,1,2,1755,24,0,0,73.125,0,1.0,1.0,2.0,0,0,0,0,0,0,0,0,1
52,0,1,2,2315,10,0,0,231.5,0,1.0,1.0,2.0,0,0,0,0,0,0,1,0,0
29,1,3,2,1412,12,0,0,117.66666666666667,1,1.0,0.0,1.0,0,0,0,0,0,0,0,0,0
27,1,2,2,1295,18,0,0,71.94444444444444,0,1.0,2.0,3.0,0,0,0,0,0,1,0,0,0
47,0,2,0,12612,36,1,0,350.3333333333333,0,2.0,2.0,4.0,0,0,0,0,1,0,0,0,0
30,0,3,2,2249,18,0,0,124.94444444444444,0,2.0,1.0,3.0,0,0,1,0,0,0,0,0,0
28,0,2,2,1108,12,1,0,92.33333333333333,0,1.0,1.0,2.0,0,0,0,0,0,0,0,1,0
56,0,2,2,618,12,0,0,51.5,1,1.0,0.0,1.0,0,0,0,0,0,0,1,0,0
54,0,2,2,1409,12,0,0,117.41666666666667,0,1.0,1.0,2.0,0,0,1,0,0,0,0,0,0
33,1,1,2,797,12,1,1,66.41666666666667,2,0.0,0.0,0.0,0,0,0,0,0,0,1,0,0
20,0,2,1,3617,24,0,0,150.70833333333334,2,0.0,3.0,3.0,0,1,0,0,0,1,0,0,0
54,0,2,2,1318,12,0,0,109.83333333333333,0,3.0,2.0,5.0,0,0,1,0,0,0,0,0,0
58,0,2,1,15945,54,1,0,295.27777777777777,1,1.0,2.0,3.0,0,0,0,0,0,0,0,0,0
61,1,2,2,2012,12,0,1,167.66666666666666,2,0.0,0.0,0.0,0,1,0,0,1,0,0,0,0
34,0,2,2,2622,18,0,0,145.66666666666666,0,2.0,2.0,4.0,0,0,0,0,0,0,0,0,0
36,0,2,2,2337,36,0,0,64.91666666666667,0,1.0,2.0,3.0,0,0,0,0,0,0,1,0,0
36,0,3,1,7057,20,0,0,352.85,2,0.0,2.0,2.0,0,1,1,0,0,0,0,0,0
41,0,1,1,1469,24,0,0,61.208333333333336,2,2.0,0.0,2.0,0,0,1,0,0,0,0,0,0
24,0,2,1,2323,36,0,0,64.52777777777777,1,1.0,2.0,3.0,0,0,0,0,0,0,1,0,0
24,1,2,2,932,6,0,0,155.33333333333334,1,1.0,0.0,1.0,0,0,0,0,0,0,1,0,0
35,0,2,1,1919,9,0,0,213.22222222222223,1,1.0,2.0,3.0,0,0,0,0,0,1,0,0,0
26,0,2,1,2445,12,0,1,203.75,3,0.0,0.0,0.0,0,1,1,0,0,0,0,0,0
39,0,3,2,11938,24,1,0,497.4166666666667,0,1.0,2.0,3.0,0,0,0,0,0,0,0,0,1
39,0,3,2,6458,18,1,0,358.77777777777777,1,1.0,0.0,1.0,0,0,1,0,0,0,0,0,0
32,0,2,2,6078,12,0,0,506.5,0,1.0,2.0,3.0,0,0,1,0,0,0,0,0,0
30,1,2,2,7721,24,0,0,321.7083333333333,1,0.0,1.0,1.0,0,0,0,0,0,1,0,0,0
35,0,2,2,1410,14,0,0,100.71428571428571,0,4.0,2.0,6.0,0,0,0,0,0,0,0,0,0
31,0,2,2,1449,6,0,0,241.5,0,2.0,2.0,4.0,0,0,0,0,0,0,0,0,0
23,1,2,1,392,15,0,0,26.133333333333333,1,1.0,3.0,4.0,0,0,0,0,1,0,0,0,0
28,0,1,1,6260,18,0,0,347.77777777777777,1,1.0,2.0,3.0,0,0,1,0,0,0,0,0,0
25,1,2,2,7855,36,1,0,218.19444444444446,1,1.0,0.0,1.0,0,0,1,0,0,0,0,0,0
35,0,2,2,1680,12,0,0,140.0,0,4.0,1.0,5.0,0,0,0,0,0,0,1,0,0
47,0,2,2,3578,48,0,1,74.54166666666667,2,0.0,0.0,0.0,0,0,0,0,0,0,1,0,0
30,1,3,2,7174,42,1,0,170.8095238095238,1,0.0,1.0,1.0,0,0,0,0,0,0,1,0,0
27,1,2,1,2132,10,0,0,213.2,2,0.0,1.0,1.0,0,1,0,0,0,1,0,0,0
23,1,2,2,4281,33,1,0,129.72727272727272,0,4.0,1.0,5.0,0,0,0,0,0,1,0,0,0
36,0,3,2,2366,12,0,0,197.16666666666666,0,4.0,2.0,6.0,0,0,1,0,0,0,0,0,0
25,1,2,2,1835,21,1,0,87.38095238095238,0,1.0,1.0,2.0,0,0,0,0,0,0,1,0,0
41,1,3,1,3868,24,0,0,161.16666666666666,2,1.0,0.0,1.0,0,1,1,0,0,0,0,0,0
24,0,1,1,1768,12,0,0,147.33333333333334,2,1.0,0.0,1.0,0,1,0,0,0,1,0,0,0
63,0,2,0,781,10,0,0,78.1,0,1.0,3.0,4.0,0,0,1,0,0,0,0,0,0
27,1,2,1,1924,18,1,0,106.88888888888889,2,0.0,2.0,2.0,0,0,0,0,0,1,0,0,0
30,0,2,2,2121,12,0,0,176.75,0,1.0,1.0,2.0,0,0,1,0,0,0,0,0,0
40,0,1,2,701,12,0,0,58.416666666666664,0,1.0,1.0,2.0,0,0,0,0,0,0,1,0,0
30,0,2,2,639,12,1,0,53.25,0,1.0,2.0,3.0,0,0,0,0,0,0,0,1,0
34,0,3,2,1860,12,0,0,155.0,0,1.0,2.0,3.0,0,0,1,0,0,0,0,0,0
29,1,2,2,3499,12,1,0,291.5833333333333,0,1.0,1.0,2.0,0,0,1,0,0,0,0,0,0
24,1,2,2,8487,48,0,0,176.8125,1,0.0,2.0,2.0,0,0,1,0,0,0,0,0,0
29,0,2,2,6887,36,1,0,191.30555555555554,0,1.0,1.0,2.0,0,0,0,0,1,0,0,0,0
27,0,1,2,2708,15,0,0,180.53333333333333,1,1.0,0.0,1.0,0,0,0,0,0,1,0,0,0
47,0,2,0,1984,18,0,0,110.22222222222223,1,1.0,0.0,1.0,0,0,0,0,0,1,0,0,0
21,1,2,2,10144,60,0,0,169.06666666666666,1,2.0,0.0,2.0,0,0,0,0,0,0,1,0,0
38,1,2,2,1240,12,0,1,103.33333333333333,2,0.0,0.0,0.0,0,0,0,0,0,0,1,0,0
27,0,2,2,8613,27,0,0,319.0,1,3.0,0.0,3.0,0,0,1,0,0,0,0,0,0
66,0,1,2,766,12,1,0,63.833333333333336,0,4.0,2.0,6.0,0,0,0,0,0,0,1,0,0
35,0,2,2,2728,15,0,0,181.86666666666667,1,0.0,2.0,2.0,0,0,0,0,0,0,1,0,0
44,1,1,1,1881,12,0,0,156.75,1,1.0,3.0,4.0,0,0,0,0,0,0,1,0,0
27,0,0,2,709,6,0,0,118.16666666666667,0,3.0,3.0,6.0,0,0,1,0,0,0,0,0,0
30,1,3,2,4795,36,0,0,133.19444444444446,0,1.0,2.0,3.0,0,0,0,0,0,0,1,0,0
27,0,3,2,3416,27,0,0,126.51851851851852,0,1.0,1.0,2.0,0,0,0,0,0,0,1,0,0
22,0,2,2,2462,18,1,0,136.77777777777777,0,1.0,1.0,2.0,0,0,0,0,0,1,0,0,0
23,1,2,2,2288,21,0,0,108.95238095238095,1,1.0,0.0,1.0,0,0,0,0,0,1,0,0,0
30,0,2,2,3566,48,0,0,74.29166666666667,0,2.0,2.0,4.0,0,0,0,0,0,0,0,0,0
39,1,2,2,860,6,0,0,143.33333333333334,0,1.0,1.0,2.0,0,0,1,0,0,0,0,0,0
51,1,2,2,682,12,0,0,56.833333333333336,1,2.0,0.0,2.0,0,0,1,0,0,0,0,0,0
28,0,2,2,5371,36,0,0,149.19444444444446,0,1.0,1.0,2.0,0,0,0,0,0,1,0,0,0
46,0,2,2,1582,18,0,0,87.88888888888889,1,3.0,0.0,3.0,0,0,0,0,0,0,1,0,0
42,0,2,0,1346,6,0,0,224.33333333333334,1,2.0,0.0,2.0,0,0,0,0,0,0,1,0,0
38,0,2,2,1924,10,0,0,192.4,1,1.0,0.0,1.0,0,0,0,0,0,0,1,0,0
24,0,2,2,5848,36,0,0,162.44444444444446,0,1.0,3.0,4.0,0,0,0,0,0,0,1,0,0
29,1,2,1,7758,24,0,0,323.25,1,3.0,2.0,5.0,0,0,1,0,0,0,0,0,0
36,0,3,1,6967,24,0,0,290.2916666666667,1,2.0,2.0,4.0,0,0,0,0,0,0,0,0,0
20,1,2,1,1282,12,1,0,106.83333333333333,1,1.0,1.0,2.0,0,0,0,0,0,1,0,0,0
48,0,2,2,1288,9,0,0,143.11111111111111,0,2.0,1.0,3.0,0,0,0,0,0,0,0,1,0
45,0,1,2,339,12,0,0,28.25,0,1.0,1.0,2.0,0,0,0,0,1,0,0,0,0
38,0,2,2,3512,24,0,0,146.33333333333334,0,2.0,2.0,4.0,0,0,1,0,0,0,0,0,0
34,0,1,2,1898,6,0,1,316.3333333333333,2,0.0,0.0,0.0,0,1,0,0,0,0,1,0,0
36,0,2,2,2872,24,0,0,119.66666666666667,1,2.0,0.0,2.0,0,0,0,0,0,0,1,0,0
30,1,2,2,1055,18,0,0,58.611111111111114,1,1.0,0.0,1.0,0,0,1,0,0,0,0,0,0
36,0,2,2,1262,15,0,0,84.13333333333334,1,4.0,0.0,4.0,0,0,0,1,0,0,0,0,0
70,0,3,0,7308,10,0,0,730.8,0,1.0,2.0,3.0,0,0,1,0,0,0,0,0,0
36,0,2,2,909,36,0,0,25.25,1,4.0,0.0,4.0,0,0,1,0,0,0,0,0,0
32,0,2,2,2978,6,0,0,496.3333333333333,1,4.0,0.0,4.0,0,0,0,0,0,1,0,0,0
33,1,2,2,1131,18,1,0,62.833333333333336,0,1.0,1.0,2.0,0,0,0,0,0,1,0,0,0
20,1,2,2,1577,11,0,0,143.36363636363637,0,3.0,2.0,5.0,0,0,0,0,0,1,0,0,0
25,1,2,1,3972,24,0,0,165.5,2,1.0,0.0,1.0,0,1,0,0,0,1,0,0,0
31,0,2,2,1935,24,1,0,80.625,0,1.0,2.0,3.0,0,0,0,0,0,0,0,0,0
33,0,2,1,950,15,1,0,63.333333333333336,1,1.0,1.0,2.0,0,0,1,0,0,0,0,0,0
26,1,2,2,763,12,0,0,63.583333333333336,1,1.0,0.0,1.0,0,0,0,0,0,1,0,0,0
34,1,3,2,2064,24,1,0,86.0,0,1.0,2.0,3.0,0,0,0,0,0,1,0,0,0
33,0,2,2,1414,8,0,0,176.75,0,1.0,2.0,3.0,0,0,0,0,0,0,1,0,0
26,0,2,2,3414,21,1,0,162.57142857142858,0,1.0,1.0,2.0,0,0,0,0,1,0,0,0,0
53,1,3,2,7485,30,1,1,249.5,2,0.0,0.0,0.0,0,1,1,0,0,0,0,0,0
42,0,2,2,2577,12,0,0,214.75,0,1.0,1.0,2.0,0,0,0,0,0,1,0,0,0
52,0,2,2,338,6,0,0,56.333333333333336,0,4.0,1.0,5.0,0,0,0,0,0,0,1,0,0
31,0,3,1,1963,12,0,0,163.58333333333334,2,1.0,0.0,1.0,0,1,0,0,0,0,1,0,0
65,0,2,2,571,21,0,0,27.19047619047619,0,1.0,1.0,2.0,0,0,1,0,0,0,0,0,0
28,0,2,2,9572,36,1,0,265.8888888888889,1,1.0,0.0,1.0,0,0,0,0,0,0,0,0,0
30,0,3,2,4455,36,1,0,123.75,0,1.0,2.0,3.0,0,0,0,0,0,0,0,0,0
40,0,1,2,1647,21,1,0,78.42857142857143,1,0.0,1.0,1.0,0,0,1,0,0,0,0,0,0
50,0,2,2,3777,24,0,0,157.375,1,3.0,0.0,3.0,0,0,0,0,0,1,0,0,0
36,0,2,2,884,18,1,0,49.111111111111114,0,1.0,2.0,3.0,0,0,1,0,0,0,0,0,0
31,0,2,2,1360,15,0,0,90.66666666666667,1,1.0,0.0,1.0,0,0,0,0,0,0,1,0,0
74,1,3,0,5129,9,1,0,569.8888888888889,0,1.0,2.0,3.0,0,0,1,0,0,0,0,0,0
68,0,0,0,1175,16,0,0,73.4375,0,1.0,2.0,3.0,0,0,1,0,0,0,0,0,0
20,0,2,2,674,12,1,0,56.166666666666664,0,2.0,1.0,3.0,0,0,0,0,0,0,1,0,0
33,1,2,2,3244,18,0,0,180.22222222222223,0,1.0,2.0,3.0,0,0,0,0,0,1,0,0,0
54,0,3,2,4591,24,1,0,191.29166666666666,1,3.0,0.0,3.0,0,0,0,0,0,0,0,0,0
34,0,1,0,3844,48,1,0,80.08333333333333,0,2.0,2.0,4.0,0,0,0,0,0,0,0,0,0
36,0,2,2,3915,27,1,0,145.0,0,1.0,2.0,3.0,0,0,0,0,0,0,0,0,0
29,0,2,1,2108,6,0,0,351.3333333333333,2,1.0,0.0,1.0,0,1,0,0,0,0,1,0,0
21,0,2,1,3031,45,1,0,67.35555555555555,1,2.0,2.0,4.0,0,0,0,0,0,0,1,0,0
34,1,3,2,1501,9,1,0,166.77777777777777,0,1.0,2.0,3.0,0,0,0,0,1,0,0,0,0
28,1,2,2,1382,6,0,0,230.33333333333334,1,1.0,0.0,1.0,0,0,0,0,0,0,1,0,0
27,1,2,1,951,12,1,0,79.25,1,2.0,2.0,4.0,0,0,0,0,0,1,0,0,0
36,0,2,0,2760,24,0,0,115.0,1,0.0,2.0,2.0,0,0,1,0,0,0,0,0,0
40,0,3,2,4297,18,1,0,238.72222222222223,0,1.0,2.0,3.0,0,0,0,0,0,1,0,0,0
52,0,2,2,936,9,0,0,104.0,1,4.0,0.0,4.0,0,0,0,0,1,0,0,0,0
27,0,1,2,1168,12,0,0,97.33333333333333,0,1.0,1.0,2.0,0,0,1,0,0,0,0,0,0
26,0,2,2,5117,27,0,0,189.5185185185185,1,1.0,0.0,1.0,0,0,0,0,0,0,0,0,0
21,0,2,1,902,12,1,0,75.16666666666667,1,1.0,1.0,2.0,0,0,0,0,1,0,0,0,0
38,0,1,2,1495,12,0,0,124.58333333333333,1,1.0,0.0,1.0,0,0,1,0,0,0,0,0,0
38,0,3,0,10623,30,0,0,354.1,0,1.0,1.0,2.0,0,0,1,0,0,0,0,0,0
43,0,2,2,1935,12,0,0,161.25,1,1.0,0.0,1.0,0,0,0,0,0,1,0,0,0
26,0,2,2,1424,12,0,0,118.66666666666667,0,1.0,2.0,3.0,0,0,0,1,0,0,0,0,0
21,0,1,2,6568,24,0,0,273.6666666666667,0,1.0,1.0,2.0,0,0,0,0,0,0,0,0,0
55,0,2,2,1413,12,0,0,117.75,1,3.0,0.0,3.0,0,0,1,0,0,0,0,0,0
33,0,2,2,3074,9,0,1,341.55555555555554,2,0.0,0.0,0.0,0,1,0,0,0,0,1,0,0
45,1,1,2,3835,36,0,1,106.52777777777777,2,0.0,0.0,0.0,0,0,0,0,0,0,1,0,0
50,0,2,2,5293,27,1,0,196.03703703703704,0,1.0,1.0,2.0,0,0,0,0,0,0,0,0,0
66,0,3,2,1908,30,1,0,63.6,0,1.0,3.0,4.0,0,0,0,0,0,0,0,0,0
51,0,2,2,3342,36,0,1,92.83333333333333,2,0.0,0.0,0.0,0,0,0,0,0,0,1,0,0
39,1,1,2,932,6,0,0,155.33333333333334,1,0.0,2.0,2.0,0,0,0,0,1,0,0,0,0
31,0,2,2,3104,18,0,0,172.44444444444446,0,1.0,1.0,2.0,0,0,0,0,0,0,0,0,0
23,0,2,2,3913,36,0,0,108.69444444444444,0,1.0,3.0,4.0,0,0,0,0,0,0,1,0,0
24,0,1,1,3021,24,0,0,125.875,1,1.0,1.0,2.0,0,0,0,0,0,1,0,0,0
64,1,2,2,1364,10,0,0,136.4,1,1.0,0.0,1.0,0,0,1,0,0,0,0,0,0
26,0,1,2,625,12,0,0,52.083333333333336,0,1.0,2.0,3.0,0,0,0,0,0,0,1,0,0
23,1,2,1,1200,12,0,0,100.0,2,0.0,1.0,1.0,0,0,0,0,1,0,0,0,0
30,0,2,2,707,12,0,0,58.916666666666664,1,1.0,0.0,1.0,0,0,0,0,0,0,1,0,0
32,0,2,2,2978,24,0,1,124.08333333333333,2,0.0,0.0,0.0,1,0,0,0,0,0,0,0,0
30,0,2,2,4657,15,0,0,310.46666666666664,1,1.0,0.0,1.0,0,0,1,0,0,0,0,0,0
27,0,2,2,2613,36,0,0,72.58333333333333,1,1.0,0.0,1.0,0,0,0,0,0,0,0,1,0
27,0,2,2,10961,48,1,0,228.35416666666666,0,3.0,2.0,5.0,0,0,0,0,0,0,1,0,0
53,0,3,0,7865,12,1,0,655.4166666666666,0,1.0,1.0,2.0,0,0,0,0,0,1,0,0,0
22,0,2,2,1478,9,1,0,164.22222222222223,1,1.0,0.0,1.0,0,0,0,0,0,0,1,0,0
22,0,2,0,3149,24,0,0,131.20833333333334,0,1.0,1.0,2.0,0,0,0,0,0,1,0,0,0
26,0,2,2,4210,36,1,0,116.94444444444444,0,1.0,3.0,4.0,0,0,0,0,0,0,1,0,0
51,0,1,0,2507,9,0,0,278.55555555555554,1,4.0,0.0,4.0,0,0,1,0,0,0,0,0,0
35,0,2,2,2141,12,0,0,178.41666666666666,1,2.0,0.0,2.0,0,0,0,0,0,0,1,0,0
25,0,1,2,866,18,0,0,48.111111111111114,0,1.0,2.0,3.0,0,0,0,0,0,0,1,0,0
42,0,1,2,1544,4,0,0,386.0,1,1.0,0.0,1.0,0,0,0,0,0,0,1,0,0
30,0,3,2,1823,24,1,0,75.95833333333333,0,1.0,1.0,2.0,0,0,0,0,0,0,1,0,0
23,0,0,2,14555,6,1,0,2425.8333333333335,1,0.0,2.0,2.0,0,0,1,0,0,0,0,0,0
61,0,1,1,2767,21,1,0,131.76190476190476,1,2.0,2.0,4.0,0,0,0,0,0,0,0,0,0
35,1,2,2,1291,12,0,0,107.58333333333333,1,1.0,0.0,1.0,0,0,0,0,0,0,1,0,0
39,0,2,2,2522,30,0,0,84.06666666666666,0,1.0,1.0,2.0,0,0,0,0,0,0,1,0,0
29,1,2,2,915,24,1,0,38.125,1,0.0,1.0,1.0,0,0,1,0,0,0,0,0,0
51,0,2,2,1595,6,0,0,265.8333333333333,1,1.0,0.0,1.0,0,0,0,0,0,0,1,0,0
24,0,2,0,4605,48,1,0,95.9375,0,1.0,1.0,2.0,0,0,1,0,0,0,0,0,0
27,1,2,2,1185,12,0,0,98.75,1,1.0,0.0,1.0,0,0,0,0,0,0,0,0,0
35,1,1,2,3447,12,0,0,287.25,1,4.0,0.0,4.0,0,0,0,0,1,0,0,0,0
25,0,2,2,1258,24,0,0,52.416666666666664,1,1.0,0.0,1.0,0,0,0,0,0,0,0,0,0
52,0,2,2,717,12,0,0,59.75,1,1.0,0.0,1.0,0,0,0,0,0,0,1,0,0
35,0,2,1,1204,6,0,0,200.66666666666666,2,2.0,0.0,2.0,0,1,1,0,0,0,0,0,0
26,0,2,2,1925,24,0,0,80.20833333333333,0,1.0,3.0,4.0,0,0,0,0,0,1,0,0,0
22,1,2,1,433,18,1,0,24.055555555555557,2,1.0,0.0,1.0,0,0,0,0,0,0,1,0,0
39,1,1,2,666,6,0,0,111.0,0,3.0,1.0,4.0,0,0,1,0,0,0,0,0,0
46,1,1,2,2251,12,0,0,187.58333333333334,0,1.0,3.0,4.0,0,0,0,0,0,1,0,0,0
24,1,2,2,2150,30,1,0,71.66666666666667,0,1.0,2.0,3.0,0,0,1,0,0,0,0,0,0
35,0,2,2,4151,24,0,0,172.95833333333334,1,2.0,0.0,2.0,0,0,0,0,0,1,0,0,0
24,0,2,2,2030,9,0,0,225.55555555555554,1,0.0,2.0,2.0,0,0,0,0,0,1,0,0,0
27,0,1,2,7418,60,0,0,123.63333333333334,1,0.0,2.0,2.0,0,0,0,0,0,0,1,0,0
35,0,1,2,2684,24,0,0,111.83333333333333,1,1.0,0.0,1.0,0,0,0,0,0,0,1,0,0
29,0,2,0,2149,12,1,0,179.08333333333334,0,1.0,1.0,2.0,0,0,0,0,0,0,1,0,0
23,1,2,2,3812,15,0,0,254.13333333333333,1,2.0,0.0,2.0,0,0,1,0,0,0,0,0,0
57,1,1,2,1154,11,0,0,104.9090909090909,1,2.0,0.0,2.0,0,0,0,0,0,0,1,0,0
27,0,2,2,1657,12,0,0,138.08333333333334,0,1.0,1.0,2.0,0,0,0,0,0,1,0,0,0
55,1,2,2,1603,24,0,0,66.79166666666667,0,1.0,1.0,2.0,0,0,0,0,0,0,1,0,0
36,0,3,0,5302,18,0,0,294.55555555555554,0,1.0,1.0,2.0,0,0,1,0,0,0,0,0,0
57,1,1,0,2748,12,0,0,229.0,1,1.0,0.0,1.0,0,0,0,0,1,0,0,0,0
32,0,1,2,1231,10,0,0,123.1,1,1.0,0.0,1.0,0,0,1,0,0,0,0,0,0
37,0,2,2,802,15,1,0,53.46666666666667,0,1.0,2.0,3.0,0,0,0,0,0,0,1,0,0
36,0,2,2,6304,36,0,1,175.11111111111111,2,0.0,0.0,0.0,1,1,0,0,0,0,0,0,0
38,1,2,2,1533,24,0,0,63.875,1,1.0,0.0,1.0,0,0,0,0,0,0,1,0,0
45,0,3,2,8978,14,1,0,641.2857142857143,0,1.0,1.0,2.0,0,0,1,0,0,0,0,0,0
25,0,2,2,999,24,0,1,41.625,2,0.0,0.0,0.0,0,0,0,0,0,0,1,0,0
32,0,2,2,2662,18,0,1,147.88888888888889,2,0.0,0.0,0.0,0,1,1,0,0,0,0,0,0
37,1,2,1,1402,12,0,0,116.83333333333333,2,4.0,0.0,4.0,0,0,0,0,0,1,0,0,0
36,0,3,0,12169,48,0,0,253.52083333333334,1,0.0,2.0,2.0,0,0,1,0,0,0,0,0,0
28,0,2,2,3060,48,1,0,63.75,0,1.0,2.0,3.0,0,0,0,0,0,0,1,0,0
34,0,1,2,11998,30,1,0,399.93333333333334,0,1.0,1.0,2.0,0,0,0,0,0,0,0,1,0
32,0,2,2,2697,9,0,0,299.6666666666667,1,1.0,0.0,1.0,0,0,0,0,0,0,1,0,0
26,1,2,2,2404,18,0,0,133.55555555555554,1,1.0,0.0,1.0,0,0,0,0,0,0,1,0,0
49,0,1,2,1262,12,0,0,105.16666666666667,1,0.0,1.0,1.0,0,0,0,0,0,1,0,0,0
32,1,2,2,4611,6,1,0,768.5,1,1.0,0.0,1.0,0,0,0,0,0,1,0,0,0
29,0,3,1,1901,24,0,0,79.20833333333333,2,2.0,0.0,2.0,0,0,0,0,0,0,1,0,0
23,0,2,1,3368,15,0,0,224.53333333333333,2,3.0,0.0,3.0,0,1,1,0,0,0,0,0,0
50,0,2,2,1574,12,0,0,131.16666666666666,1,1.0,0.0,1.0,0,0,0,0,0,1,0,0,0
49,0,1,2,1445,18,0,0,80.27777777777777,1,0.0,3.0,3.0,0,0,0,0,0,0,1,0,0
63,0,2,2,1520,15,0,1,101.33333333333333,2,0.0,0.0,0.0,0,0,0,0,0,1,0,0,0
37,0,2,2,3878,24,0,0,161.58333333333334,0,2.0,2.0,4.0,0,0,1,0,0,0,0,0,0
35,1,1,2,10722,47,0,0,228.12765957446808,0,1.0,1.0,2.0,0,0,1,0,0,0,0,0,0
26,0,2,2,4788,48,0,0,99.75,0,1.0,1.0,2.0,0,0,1,0,0,0,0,0,0
31,0,3,0,7582,48,0,0,157.95833333333334,0,2.0,2.0,4.0,0,0,0,0,0,0,0,0,1
49,1,2,2,1092,12,0,0,91.0,0,1.0,2.0,3.0,0,0,0,0,0,0,1,0,0
48,0,2,2,1024,24,1,0,42.666666666666664,0,1.0,1.0,2.0,0,0,0,0,0,0,1,0,0
26,0,2,2,1076,12,0,0,89.66666666666667,1,1.0,0.0,1.0,0,0,0,0,0,0,0,0,0
28,0,3,1,9398,36,1,0,261.05555555555554,1,1.0,2.0,3.0,0,0,1,0,0,0,0,0,0
44,1,3,0,6419,24,0,0,267.4583333333333,0,1.0,1.0,2.0,0,0,1,0,0,0,0,0,0
56,0,2,0,4796,42,0,0,114.19047619047619,0,1.0,3.0,4.0,0,0,1,0,0,0,0,0,0
46,0,3,2,7629,48,0,1,158.9375,2,0.0,0.0,0.0,1,1,0,0,0,0,0,0,0
26,1,2,2,9960,48,1,0,207.5,0,1.0,2.0,3.0,0,0,0,0,0,1,0,0,0
20,1,2,1,4675,12,0,1,389.5833333333333,3,0.0,0.0,0.0,0,1,1,0,0,0,0,0,0
45,0,1,2,1287,10,0,1,128.7,2,0.0,0.0,0.0,0,0,1,0,0,0,0,0,0
43,0,2,2,2515,18,0,0,139.72222222222223,1,1.0,0.0,1.0,0,0,0,0,0,1,0,0,0
32,0,2,2,2745,21,0,0,130.71428571428572,0,3.0,2.0,5.0,0,0,0,0,0,1,0,0,0
54,1,0,2,672,6,0,0,112.0,1,1.0,0.0,1.0,0,0,1,0,0,0,0,0,0
42,1,2,2,3804,36,1,0,105.66666666666667,0,1.0,2.0,3.0,0,0,0,0,0,0,1,0,0
37,0,1,2,1344,24,1,0,56.0,1,0.0,3.0,3.0,0,0,1,0,0,0,0,0,0
49,0,2,2,1038,10,0,0,103.8,0,1.0,1.0,2.0,0,0,1,0,0,0,0,0,0
44,0,2,0,10127,48,1,0,210.97916666666666,1,4.0,0.0,4.0,0,0,1,0,0,0,0,0,0
33,0,2,2,1543,6,0,0,257.1666666666667,1,3.0,0.0,3.0,0,0,0,0,0,1,0,0,0
24,1,1,1,4811,30,0,1,160.36666666666667,3,0.0,0.0,0.0,0,1,1,0,0,0,0,0,0
33,0,1,2,727,12,1,0,60.583333333333336,0,2.0,1.0,3.0,0,0,0,0,0,0,1,0,0
24,1,2,2,1237,8,1,0,154.625,0,1.0,2.0,3.0,0,0,0,0,0,1,0,0,0
22,0,1,1,276,9,0,0,30.666666666666668,1,1.0,2.0,3.0,0,0,1,0,0,0,0,0,0
40,0,0,0,5381,48,0,0,112.10416666666667,1,0.0,2.0,2.0,0,0,0,0,0,0,0,0,1
25,0,2,2,5511,24,0,0,229.625,1,2.0,0.0,2.0,0,0,0,0,0,1,0,0,0
26,1,2,2,3749,24,0,0,156.20833333333334,0,1.0,3.0,4.0,0,0,0,0,0,1,0,0,0
25,0,1,2,685,12,1,0,57.083333333333336,0,1.0,2.0,3.0,0,0,1,0,0,0,0,0,0
29,0,1,2,1494,4,0,0,373.5,1,0.0,3.0,3.0,0,0,1,0,0,0,0,0,0
31,0,2,2,2746,36,1,0,76.27777777777777,0,1.0,1.0,2.0,0,0,0,0,0,1,0,0,0
38,0,1,2,708,12,0,0,59.0,0,1.0,1.0,2.0,0,0,0,0,0,1,0,0,0
48,1,1,2,4351,24,0,0,181.29166666666666,1,0.0,2.0,2.0,0,0,0,0,0,1,0,0,0
32,0,2,2,701,12,0,0,58.416666666666664,1,1.0,0.0,1.0,0,0,0,0,1,0,0,0,0
27,1,1,2,3643,15,0,0,242.86666666666667,0,1.0,1.0,2.0,0,0,0,0,0,1,0,0,0
28,0,3,2,4249,30,1,0,141.63333333333333,0,1.0,2.0,3.0,0,0,1,0,0,0,0,0,0
32,0,2,2,1938,24,1,0,80.75,0,1.0,1.0,2.0,0,0,0,0,0,0,1,0,0
34,0,3,0,2910,24,0,0,121.25,0,1.0,1.0,2.0,0,0,1,0,0,0,0,0,0
28,0,2,2,2659,18,0,0,147.72222222222223,0,3.0,1.0,4.0,0,0,0,0,0,1,0,0,0
36,1,2,2,1028,18,0,0,57.111111111111114,1,1.0,0.0,1.0,0,0,1,0,0,0,0,0,0
39,0,1,2,3398,8,0,0,424.75,0,1.0,1.0,2.0,0,0,1,0,0,0,0,0,0
49,0,2,1,5801,12,0,1,483.4166666666667,3,0.0,0.0,0.0,0,1,0,0,0,1,0,0,0
34,1,2,2,1525,24,0,0,63.541666666666664,1,3.0,0.0,3.0,0,0,1,0,0,0,0,0,0
31,0,2,2,4473,36,0,0,124.25,0,1.0,3.0,4.0,0,0,0,0,0,0,1,0,0
28,0,2,2,1068,6,0,0,178.0,0,1.0,2.0,3.0,0,0,0,0,0,0,1,0,0
75,0,3,0,6615,24,0,0,275.625,0,1.0,1.0,2.0,0,0,1,0,0,0,0,0,0
30,1,2,2,1864,18,1,0,103.55555555555556,1,2.0,0.0,2.0,0,0,0,0,1,0,0,0,0
24,1,3,2,7408,60,1,0,123.46666666666667,0,2.0,2.0,4.0,0,0,1,0,0,0,0,0,0
24,1,1,1,11590,48,1,0,241.45833333333334,2,2.0,0.0,2.0,0,1,1,0,0,0,0,0,0
23,0,2,1,4110,24,1,0,171.25,1,1.0,1.0,2.0,0,0,0,0,0,1,0,0,0
44,0,3,1,3384,6,1,0,564.0,1,1.0,1.0,2.0,0,0,0,0,0,1,0,0,0
23,1,1,2,2101,13,0,0,161.6153846153846,0,1.0,2.0,3.0,0,0,0,0,0,0,1,0,0
24,1,2,1,1275,15,1,0,85.0,2,0.0,1.0,1.0,0,0,0,1,0,0,0,0,0
28,0,2,2,4169,24,0,0,173.70833333333334,0,1.0,1.0,2.0,0,0,0,0,0,1,0,0,0
31,0,1,2,1521,10,0,0,152.1,0,1.0,2.0,3.0,0,0,0,0,0,1,0,0,0
24,1,2,0,5743,24,0,0,239.29166666666666,0,1.0,2.0,3.0,0,0,0,0,1,0,0,0,0
26,1,1,1,3599,21,0,0,171.38095238095238,1,1.0,1.0,2.0,0,0,0,0,0,1,0,0,0
25,0,2,1,3213,18,0,0,178.5,1,4.0,2.0,6.0,0,0,0,0,0,0,1,0,0
33,0,3,2,4439,18,0,0,246.61111111111111,0,1.0,2.0,3.0,0,0,0,0,0,0,0,0,0
37,0,1,2,3949,10,0,0,394.9,0,1.0,3.0,4.0,0,0,1,0,0,0,0,0,0
43,1,1,2,1459,15,0,0,97.26666666666667,1,1.0,0.0,1.0,0,0,0,0,0,0,1,0,0
23,0,2,2,882,13,0,0,67.84615384615384,0,1.0,2.0,3.0,0,0,0,0,0,0,1,0,0
23,1,0,1,3758,24,0,0,156.58333333333334,1,4.0,2.0,6.0,0,0,0,0,0,0,1,0,0
34,0,1,2,1743,6,0,0,290.5,1,2.0,0.0,2.0,0,0,0,0,0,0,0,0,0
32,0,2,0,1136,9,1,0,126.22222222222223,0,3.0,2.0,5.0,0,0,0,0,1,0,0,0,0
23,1,2,1,1236,9,0,0,137.33333333333334,2,1.0,0.0,1.0,0,1,0,1,0,0,0,0,0
29,1,2,2,959,9,1,0,106.55555555555556,0,1.0,2.0,3.0,0,0,0,0,0,1,0,0,0
38,0,3,2,3229,18,0,1,179.38888888888889,2,0.0,0.0,0.0,0,1,1,0,0,0,0,0,0
28,0,2,1,6199,12,1,0,516.5833333333334,1,1.0,1.0,2.0,0,0,0,0,0,0,1,0,0
46,0,2,0,727,10,0,0,72.7,1,4.0,0.0,4.0,0,0,0,0,1,0,0,0,0
23,0,1,2,1246,24,1,0,51.916666666666664,0,1.0,2.0,3.0,0,0,1,0,0,0,0,0,0
49,0,2,2,2331,12,0,1,194.25,2,0.0,0.0,0.0,0,1,0,0,0,0,1,0,0
26,0,3,2,4463,36,1,0,123.97222222222223,1,1.0,0.0,1.0,0,0,0,0,0,0,1,0,0
28,0,2,2,776,12,0,0,64.66666666666667,1,1.0,0.0,1.0,0,0,0,0,0,0,1,0,0
23,1,2,1,2406,30,1,0,80.2,1,1.0,1.0,2.0,0,0,0,0,0,1,0,0,0
61,0,2,0,1239,18,0,0,68.83333333333333,1,0.0,2.0,2.0,0,0,0,0,1,0,0,0,0
37,0,3,2,3399,12,0,0,283.25,1,0.0,3.0,3.0,0,0,0,0,0,0,1,0,0
36,1,2,2,2247,12,0,0,187.25,0,1.0,3.0,4.0,0,0,1,0,0,0,0,0,0
21,0,2,1,1766,6,0,0,294.3333333333333,2,1.0,0.0,1.0,0,1,0,0,0,1,0,0,0
25,0,0,2,2473,18,1,0,137.38888888888889,0,1.0,1.0,2.0,0,0,0,0,0,1,0,0,0
36,0,2,2,1542,12,0,0,128.5,1,1.0,0.0,1.0,0,0,0,0,0,0,0,0,0
27,0,2,2,3850,18,0,0,213.88888888888889,1,1.0,0.0,1.0,0,0,1,0,0,0,0,0,0
22,1,2,1,3650,18,0,0,202.77777777777777,1,1.0,1.0,2.0,0,0,0,0,0,1,0,0,0
42,0,2,2,3446,36,1,0,95.72222222222223,0,1.0,1.0,2.0,0,0,0,0,0,1,0,0,0
40,1,2,1,3001,18,0,0,166.72222222222223,1,1.0,2.0,3.0,0,0,0,0,0,1,0,0,0
36,0,2,2,3079,36,0,1,85.52777777777777,2,0.0,0.0,0.0,0,0,1,0,0,0,0,0,0
33,0,2,2,6070,18,0,0,337.22222222222223,1,1.0,0.0,1.0,0,0,0,0,0,0,1,0,0
23,1,2,1,2146,10,0,0,214.6,2,1.0,0.0,1.0,0,1,0,0,0,1,0,0,0
63,0,3,0,13756,60,0,1,229.26666666666668,2,0.0,0.0,0.0,0,1,1,0,0,0,0,0,0
60,1,3,0,14782,60,1,0,246.36666666666667,0,2.0,2.0,4.0,0,0,0,0,0,0,0,0,1
37,1,2,1,7685,48,1,0,160.10416666666666,1,1.0,1.0,2.0,0,0,0,0,0,0,0,0,0
34,0,2,2,2320,18,0,0,128.88888888888889,1,1.0,0.0,1.0,0,0,0,0,0,0,1,0,0
36,0,2,0,846,7,0,1,120.85714285714286,2,0.0,0.0,0.0,0,0,0,0,0,0,1,0,0
57,0,3,0,14318,36,1,0,397.72222222222223,0,1.0,2.0,3.0,0,0,1,0,0,0,0,0,0
52,1,1,2,362,6,0,0,60.333333333333336,1,2.0,0.0,2.0,0,0,1,0,0,0,0,0,0
39,0,2,2,2212,20,0,0,110.6,1,0.0,1.0,1.0,0,0,0,0,0,1,0,0,0
38,1,3,0,12976,18,1,0,720.8888888888889,0,1.0,2.0,3.0,0,0,1,0,0,0,0,0,0
25,1,2,1,1283,22,0,1,58.31818181818182,3,0.0,0.0,0.0,0,0,1,0,0,0,0,0,0
26,0,2,2,1330,12,0,0,110.83333333333333,0,1.0,3.0,4.0,0,0,1,0,0,0,0,0,0
26,0,1,2,4272,30,0,0,142.4,1,2.0,0.0,2.0,0,0,0,0,0,0,0,0,0
25,1,2,2,2238,18,0,0,124.33333333333333,1,1.0,0.0,1.0,0,0,0,0,0,0,1,0,0
21,1,2,1,1126,18,0,1,62.55555555555556,3,0.0,0.0,0.0,0,0,0,0,0,0,1,0,0
40,0,3,2,7374,18,0,0,409.6666666666667,0,1.0,2.0,3.0,0,0,0,0,0,1,0,0,0
27,0,2,2,2326,15,0,0,155.06666666666666,0,4.0,2.0,6.0,0,0,0,0,0,0,0,0,0
27,1,2,2,1449,9,0,0,161.0,1,1.0,0.0,1.0,0,0,0,0,0,0,0,0,0
30,0,3,2,1820,18,0,0,101.11111111111111,1,1.0,0.0,1.0,0,0,1,0,0,0,0,0,0
19,1,1,1,983,12,0,0,81.91666666666667,1,3.0,2.0,5.0,0,0,0,0,0,1,0,0,0
39,0,3,0,3249,36,0,0,90.25,0,1.0,1.0,2.0,0,0,1,0,0,0,0,0,0
31,1,2,2,1957,6,0,0,326.1666666666667,0,1.0,1.0,2.0,0,0,0,0,0,0,1,0,0
31,0,3,2,2406,9,0,0,267.3333333333333,1,1.0,0.0,1.0,0,0,0,0,0,1,0,0,0
32,0,2,1,11760,39,0,0,301.53846153846155,1,2.0,2.0,4.0,0,0,0,0,1,0,0,0,0
55,1,3,0,2578,12,0,0,214.83333333333334,0,1.0,1.0,2.0,0,0,0,0,0,1,0,0,0
46,0,2,2,2348,36,0,0,65.22222222222223,0,1.0,1.0,2.0,0,0,0,0,0,1,0,0,0
46,0,2,1,1223,12,1,0,101.91666666666667,1,1.0,2.0,3.0,0,0,1,0,0,0,0,0,0
43,1,1,2,1516,24,0,0,63.166666666666664,1,3.0,0.0,3.0,0,0,0,0,0,0,1,0,0
39,0,2,2,1473,18,0,0,81.83333333333333,1,1.0,0.0,1.0,0,0,0,0,0,0,1,0,0
28,0,2,2,1887,18,0,0,104.83333333333333,1,0.0,2.0,2.0,0,0,0,0,0,0,0,0,0
27,0,2,2,8648,24,1,0,360.3333333333333,1,1.0,0.0,1.0,0,0,0,0,0,0,0,0,0
27,0,1,2,802,14,0,0,57.285714285714285,1,1.0,0.0,1.0,0,0,1,0,0,0,0,0,0
43,0,2,2,2899,18,0,0,161.05555555555554,1,0.0,2.0,2.0,0,0,1,0,0,0,0,0,0
22,0,2,2,2039,24,1,0,84.95833333333333,0,1.0,2.0,3.0,0,0,0,0,0,0,1,0,0
43,0,2,2,2197,24,0,1,91.54166666666667,2,0.0,0.0,0.0,0,0,1,0,0,0,0,0,0
27,0,2,2,1053,15,0,0,70.2,0,1.0,1.0,2.0,0,0,0,0,0,0,1,0,0
26,0,3,2,3235,24,0,0,134.79166666666666,1,4.0,0.0,4.0,0,0,0,0,0,0,1,0,0
28,0,2,2,939,12,1,0,78.25,0,4.0,3.0,7.0,0,0,1,0,0,0,0,0,0
20,1,2,2,1967,24,0,0,81.95833333333333,0,1.0,2.0,3.0,0,0,0,0,0,0,1,0,0
35,0,3,2,7253,33,0,0,219.78787878787878,1,1.0,0.0,1.0,0,0,1,0,0,0,0,0,0
42,0,3,2,2292,12,1,0,191.0,1,1.0,0.0,1.0,0,0,0,0,0,0,0,0,0
40,0,1,1,1597,10,0,0,159.7,2,4.0,0.0,4.0,0,1,1,0,0,0,0,0,0
35,1,2,2,1381,24,1,0,57.541666666666664,1,0.0,1.0,1.0,0,0,1,0,0,0,0,0,0
35,0,2,2,5842,36,0,0,162.27777777777777,1,1.0,0.0,1.0,0,0,1,0,0,0,0,0,0
33,0,1,2,2579,12,1,0,214.91666666666666,0,1.0,1.0,2.0,0,0,1,0,0,0,0,0,0
23,1,2,1,8471,18,0,0,470.6111111111111,2,0.0,1.0,1.0,0,1,0,0,1,0,0,0,0
31,1,3,2,2782,21,0,0,132.47619047619048,1,4.0,0.0,4.0,0,0,1,0,0,0,0,0,0
33,1,2,2,1042,18,1,0,57.888888888888886,1,0.0,2.0,2.0,0,0,1,0,0,0,0,0,0
20,1,2,1,3186,15,0,0,212.4,2,3.0,0.0,3.0,0,1,1,0,0,0,0,0,0
30,0,2,2,2028,12,0,0,169.0,1,0.0,2.0,2.0,0,0,1,0,0,0,0,0,0
47,0,1,2,958,12,0,0,79.83333333333333,0,1.0,2.0,3.0,0,0,1,0,0,0,0,0,0
34,0,3,2,1591,21,0,0,75.76190476190476,1,2.0,0.0,2.0,0,0,0,0,0,1,0,0,0
25,1,2,2,2762,12,1,0,230.16666666666666,1,0.0,2.0,2.0,0,0,0,0,0,1,0,0,0
21,0,2,1,2779,18,0,0,154.38888888888889,1,1.0,2.0,3.0,0,0,1,0,0,0,0,0,0
29,0,2,2,2743,28,0,0,97.96428571428571,1,1.0,0.0,1.0,0,0,0,0,0,0,1,0,0
46,0,2,2,1149,18,0,0,63.833333333333336,1,3.0,0.0,3.0,0,0,0,0,0,0,1,0,0
20,0,2,2,1313,9,0,0,145.88888888888889,1,1.0,0.0,1.0,0,0,0,0,0,1,0,0,0
55,1,0,0,1190,18,1,0,66.11111111111111,0,1.0,1.0,2.0,0,0,0,0,0,0,0,1,0
74,0,1,2,3448,5,0,0,689.6,1,1.0,0.0,1.0,0,0,0,0,0,0,0,0,0
29,0,3,2,11328,24,1,0,472.0,0,1.0,2.0,3.0,0,0,0,0,0,0,0,0,1
36,0,3,0,1872,6,0,0,312.0,0,1.0,1.0,2.0,0,0,0,0,0,1,0,0,0
33,0,2,2,2058,24,0,0,85.75,1,1.0,0.0,1.0,0,0,0,0,0,0,0,1,0
25,0,2,2,2136,9,0,0,237.33333333333334,0,1.0,1.0,2.0,0,0,0,0,0,1,0,0,0
25,0,2,2,1484,12,1,0,123.66666666666667,1,0.0,2.0,2.0,0,0,0,0,0,0,1,0,0
23,0,1,1,660,6,0,0,110.0,2,4.0,0.0,4.0,0,0,0,0,0,0,0,1,0
37,1,2,2,1287,24,0,0,53.625,1,3.0,0.0,3.0,0,0,1,0,0,0,0,0,0
65,0,0,2,3394,42,0,0,80.80952380952381,0,1.0,1.0,2.0,0,0,0,0,0,0,0,1,0
26,1,0,2,609,12,1,0,50.75,0,1.0,3.0,4.0,0,0,0,0,0,0,0,0,0
39,0,3,2,1884,12,0,0,157.0,1,1.0,0.0,1.0,0,0,1,0,0,0,0,0,0
30,1,2,2,1620,12,0,0,135.0,0,1.0,1.0,2.0,0,0,0,0,0,1,0,0,0
29,0,2,2,2629,20,0,0,131.45,0,1.0,2.0,3.0,0,0,0,0,0,0,0,0,1
41,0,1,2,719,12,1,0,59.916666666666664,1,1.0,0.0,1.0,0,0,0,0,1,0,0,0,0
30,1,3,2,5096,48,1,0,106.16666666666667,0,1.0,2.0,3.0,0,0,0,0,0,1,0,0,0
41,1,1,1,1244,9,0,1,138.22222222222223,3,0.0,0.0,0.0,0,1,0,0,1,0,0,0,0
34,1,2,2,1842,36,1,0,51.166666666666664,0,1.0,1.0,2.0,0,0,1,0,0,0,0,0,0
35,0,2,2,2576,7,0,0,368.0,0,1.0,2.0,3.0,0,0,0,0,0,0,1,0,0
55,1,3,2,1424,12,0,0,118.66666666666667,1,0.0,3.0,3.0,0,0,0,0,0,1,0,0,0
61,0,2,2,1512,15,1,0,100.8,0,3.0,2.0,5.0,0,0,0,0,0,0,0,1,0
30,0,3,2,11054,36,0,1,307.05555555555554,2,0.0,0.0,0.0,0,1,1,0,0,0,0,0,0
29,1,2,2,518,6,0,0,86.33333333333333,1,1.0,0.0,1.0,0,0,0,0,0,0,1,0,0
34,0,2,2,2759,12,0,0,229.91666666666666,1,1.0,0.0,1.0,0,0,0,0,0,1,0,0,0
35,0,3,2,2670,24,0,0,111.25,1,1.0,0.0,1.0,0,0,1,0,0,0,0,0,0
31,0,2,2,4817,24,1,0,200.70833333333334,0,1.0,1.0,2.0,0,0,1,0,0,0,0,0,0
29,1,3,2,2679,24,0,0,111.625,1,1.0,0.0,1.0,0,0,1,0,0,0,0,0,0
36,0,2,1,3905,11,0,0,355.0,1,1.0,1.0,2.0,0,0,1,0,0,0,0,0,0
35,0,2,0,3386,12,1,0,282.1666666666667,0,1.0,1.0,2.0,0,0,1,0,0,0,0,0,0
27,1,2,2,343,6,0,0,57.166666666666664,0,1.0,1.0,2.0,0,0,0,1,0,0,0,0,0
32,0,2,2,4594,18,0,0,255.22222222222223,1,1.0,0.0,1.0,0,0,0,0,0,0,1,0,0
37,0,2,2,3620,36,0,0,100.55555555555556,0,1.0,1.0,2.0,0,0,0,0,0,1,0,0,0
36,0,2,2,1721,15,0,0,114.73333333333333,0,1.0,1.0,2.0,0,0,1,0,0,0,0,0,0
34,1,3,1,3017,12,0,0,251.41666666666666,1,1.0,2.0,3.0,0,0,0,0,0,1,0,0,0
38,0,2,2,754,12,0,0,62.833333333333336,1,0.0,2.0,2.0,0,0,0,0,1,0,0,0,0
34,0,2,2,1950,18,0,0,108.33333333333333,1,1.0,0.0,1.0,0,0,0,0,0,0,0,0,0
63,0,2,2,2924,24,0,0,121.83333333333333,0,1.0,1.0,2.0,0,0,1,0,0,0,0,0,0
29,1,1,1,1659,24,1,0,69.125,1,1.0,1.0,2.0,0,0,0,0,0,0,1,0,0
32,0,2,2,7238,48,0,1,150.79166666666666,2,0.0,0.0,0.0,0,1,0,0,0,0,1,0,0
26,1,2,2,2764,33,0,0,83.75757575757575,1,1.0,0.0,1.0,0,0,0,0,0,0,0,0,0
35,0,1,2,4679,24,0,0,194.95833333333334,1,1.0,0.0,1.0,0,0,1,0,0,0,0,0,0
22,0,2,1,3092,24,1,0,128.83333333333334,1,2.0,2.0,4.0,0,0,0,0,0,0,1,0,0
23,1,2,2,448,6,1,0,74.66666666666667,0,1.0,1.0,2.0,0,0,0,0,1,0,0,0,0
28,0,1,2,654,9,1,0,72.66666666666667,0,1.0,1.0,2.0,0,0,1,0,0,0,0,0,0
36,0,3,2,1238,6,0,1,206.33333333333334,2,0.0,0.0,0.0,0,1,0,0,1,0,0,0,0
33,0,2,2,1245,18,1,0,69.16666666666667,0,1.0,2.0,3.0,0,0,0,0,0,0,1,0,0
26,1,2,1,3114,18,1,0,173.0,1,1.0,1.0,2.0,0,0,0,0,0,1,0,0,0
24,0,2,2,2569,39,0,0,65.87179487179488,1,4.0,0.0,4.0,0,0,1,0,0,0,0,0,0
25,0,2,2,5152,24,0,0,214.66666666666666,0,1.0,3.0,4.0,0,0,0,0,0,0,1,0,0
39,0,1,2,1037,12,0,0,86.41666666666667,0,2.0,2.0,4.0,0,0,0,0,0,0,0,0,0
44,0,2,2,1478,15,0,0,98.53333333333333,0,1.0,1.0,2.0,0,0,0,0,0,1,0,0,0
23,1,1,2,3573,12,0,0,297.75,0,1.0,2.0,3.0,0,0,0,0,0,0,1,0,0
26,0,2,2,1201,24,0,0,50.041666666666664,0,1.0,2.0,3.0,0,0,1,0,0,0,0,0,0
57,1,2,1,3622,30,0,0,120.73333333333333,1,3.0,1.0,4.0,0,0,0,0,0,1,0,0,0
30,1,2,2,960,15,0,0,64.0,1,3.0,0.0,3.0,0,0,0,0,0,1,0,0,0
44,0,2,2,1163,12,0,0,96.91666666666667,1,4.0,0.0,4.0,0,0,1,0,0,0,0,0,0
47,0,3,2,1209,6,1,0,201.5,0,1.0,2.0,3.0,0,0,1,0,0,0,0,0,0
52,0,2,2,3077,12,0,0,256.4166666666667,1,1.0,0.0,1.0,0,0,0,0,0,0,1,0,0
62,1,2,0,3757,24,0,0,156.54166666666666,1,1.0,0.0,1.0,0,0,1,0,0,0,0,0,0
35,0,1,1,1418,10,0,0,141.8,2,2.0,0.0,2.0,0,1,1,0,0,0,0,0,0
26,0,2,1,3518,6,0,0,586.3333333333334,2,1.0,0.0,1.0,0,1,1,0,0,0,0,0,0
26,0,2,2,1934,12,0,0,161.16666666666666,1,1.0,0.0,1.0,0,0,0,0,0,0,1,0,0
42,1,3,0,8318,27,1,0,308.0740740740741,0,1.0,2.0,3.0,0,0,0,0,0,0,0,0,0
27,1,2,2,1237,6,0,0,206.16666666666666,1,2.0,0.0,2.0,0,0,0,0,0,0,1,0,0
38,0,2,2,368,6,0,0,61.333333333333336,1,0.0,2.0,2.0,0,0,0,0,0,0,1,0,0
39,0,1,1,2122,12,0,0,176.83333333333334,1,1.0,1.0,2.0,0,0,1,0,0,0,0,0,0
20,0,2,2,2996,24,1,0,124.83333333333333,1,0.0,1.0,1.0,0,0,0,0,0,1,0,0,0
29,0,3,1,9034,36,1,0,250.94444444444446,1,2.0,2.0,4.0,0,0,0,0,0,1,0,0,0
40,0,2,2,1585,24,0,0,66.04166666666667,1,1.0,0.0,1.0,0,0,0,0,0,1,0,0,0
32,0,1,2,1301,18,0,0,72.27777777777777,0,1.0,2.0,3.0,0,0,0,0,0,0,1,0,0
28,0,2,2,1323,6,0,0,220.5,0,2.0,3.0,5.0,0,0,1,0,0,0,0,0,0
27,1,2,2,3123,24,1,0,130.125,0,1.0,1.0,2.0,0,0,1,0,0,0,0,0,0
42,0,2,0,5493,36,0,0,152.58333333333334,0,1.0,1.0,2.0,0,0,1,0,0,0,0,0,0
49,0,2,2,1126,9,0,0,125.11111111111111,0,2.0,3.0,5.0,0,0,0,0,0,0,1,0,0
38,0,2,2,1216,24,1,0,50.666666666666664,0,2.0,2.0,4.0,0,0,0,0,0,0,1,0,0
24,1,2,1,1207,24,1,0,50.291666666666664,1,1.0,1.0,2.0,0,0,1,0,0,0,0,0,0
27,0,1,2,1309,10,1,1,130.9,2,0.0,0.0,0.0,0,1,1,0,0,0,0,0,0
36,0,2,2,2360,15,0,0,157.33333333333334,0,4.0,3.0,7.0,0,0,1,0,0,0,0,0,0
34,0,3,2,6850,15,1,0,456.6666666666667,0,2.0,2.0,4.0,0,0,1,0,0,0,0,0,0
28,0,2,2,1413,24,0,0,58.875,1,1.0,0.0,1.0,0,0,0,0,0,0,1,0,0
45,0,3,2,8588,39,0,0,220.2051282051282,1,2.0,0.0,2.0,0,0,1,0,0,0,0,0,0
26,0,2,2,759,12,1,0,63.25,0,1.0,1.0,2.0,0,0,1,0,0,0,0,0,0
32,0,3,0,4686,36,0,0,130.16666666666666,1,1.0,0.0,1.0,0,0,1,0,0,0,0,0,0
26,0,2,1,2687,15,0,0,179.13333333333333,1,1.0,3.0,4.0,0,0,0,0,0,0,0,0,0
20,0,2,1,585,12,0,0,48.75,1,1.0,2.0,3.0,0,0,0,0,0,0,1,0,0
54,0,2,2,2255,24,0,1,93.95833333333333,2,0.0,0.0,0.0,0,0,1,0,0,0,0,0,0
37,1,2,2,609,6,0,0,101.5,0,1.0,1.0,2.0,0,0,1,0,0,0,0,0,0
40,0,1,2,1361,6,0,0,226.83333333333334,0,1.0,1.0,2.0,0,0,1,0,0,0,0,0,0
23,1,2,1,7127,36,1,0,197.97222222222223,2,1.0,0.0,1.0,0,1,0,0,0,1,0,0,0
43,0,2,2,1203,6,0,0,200.5,0,2.0,1.0,3.0,0,0,1,0,0,0,0,0,0
36,0,2,0,700,6,0,1,116.66666666666667,2,0.0,0.0,0.0,0,0,0,0,0,0,1,0,0
44,0,2,0,5507,24,0,0,229.45833333333334,1,1.0,0.0,1.0,0,0,0,0,0,0,0,1,0
24,1,2,2,3190,18,1,0,177.22222222222223,0,1.0,1.0,2.0,0,0,0,0,0,0,1,0,0
53,0,2,0,7119,48,1,0,148.3125,0,1.0,1.0,2.0,0,0,0,0,0,1,0,0,0
23,1,2,2,3488,24,0,0,145.33333333333334,1,2.0,0.0,2.0,0,0,1,0,0,0,0,0,0
26,1,1,2,1113,18,0,0,61.833333333333336,0,1.0,2.0,3.0,0,0,0,0,0,0,1,0,0
30,0,2,2,7966,26,0,0,306.38461538461536,0,1.0,2.0,3.0,0,0,1,0,0,0,0,0,0
31,1,2,2,1532,15,0,0,102.13333333333334,1,2.0,0.0,2.0,0,0,0,0,1,0,0,0,0
42,0,1,2,1503,4,0,0,375.75,1,1.0,0.0,1.0,0,0,0,0,0,0,1,0,0
31,0,2,1,2302,36,1,0,63.94444444444444,1,1.0,1.0,2.0,0,0,0,0,0,0,1,0,0
41,0,1,2,662,6,0,0,110.33333333333333,0,1.0,1.0,2.0,0,0,1,0,0,0,0,0,0
32,0,2,2,2273,36,0,0,63.138888888888886,0,1.0,2.0,3.0,0,0,0,0,1,0,0,0,0
28,1,2,1,2631,15,1,0,175.4,1,2.0,2.0,4.0,0,0,1,0,0,0,0,0,0
41,0,2,1,1503,12,0,0,125.25,2,1.0,0.0,1.0,0,0,1,0,0,0,0,0,0
26,0,2,2,1311,24,0,0,54.625,1,2.0,0.0,2.0,0,0,0,0,0,0,1,0,0
25,0,2,2,3105,24,0,1,129.375,2,0.0,0.0,0.0,0,0,0,0,0,0,1,0,0
33,0,2,1,2319,21,1,0,110.42857142857143,1,1.0,3.0,4.0,0,0,0,0,1,0,0,0,0
75,1,3,2,1374,6,0,0,229.0,1,0.0,1.0,1.0,0,0,1,0,0,0,0,0,0
37,1,2,2,3612,18,0,0,200.66666666666666,0,1.0,2.0,3.0,0,0,0,0,0,1,0,0,0
42,0,3,0,7763,48,1,0,161.72916666666666,0,1.0,1.0,2.0,0,0,1,0,0,0,0,0,0
45,1,1,2,3049,18,0,0,169.38888888888889,0,1.0,3.0,4.0,0,0,0,0,0,1,0,0,0
23,0,2,1,1534,12,1,0,127.83333333333333,1,1.0,2.0,3.0,0,0,0,0,0,0,1,0,0
60,0,2,0,2032,24,0,0,84.66666666666667,1,1.0,0.0,1.0,0,0,1,0,0,0,0,0,0
31,0,2,2,6350,30,1,0,211.66666666666666,1,0.0,1.0,1.0,0,0,0,0,0,1,0,0,0
34,0,1,2,2864,18,1,0,159.11111111111111,0,1.0,3.0,4.0,0,0,0,0,0,1,0,0,0
61,0,1,2,1255,12,0,0,104.58333333333333,1,1.0,0.0,1.0,0,0,1,0,0,0,0,0,0
43,0,2,0,1333,24,1,0,55.541666666666664,0,1.0,1.0,2.0,0,0,1,0,0,0,0,0,0
37,1,2,2,2022,24,0,0,84.25,1,1.0,0.0,1.0,0,0,1,0,0,0,0,0,0
32,0,2,2,1552,24,0,0,64.66666666666667,1,1.0,0.0,1.0,0,0,0,0,0,0,1,0,0
24,1,1,2,626,12,1,0,52.166666666666664,0,1.0,1.0,2.0,0,0,0,0,0,0,1,0,0
35,0,2,0,8858,48,0,1,184.54166666666666,2,0.0,0.0,0.0,0,1,1,0,0,0,0,0,0
23,1,2,2,996,12,0,1,83.0,2,0.0,0.0,0.0,0,0,0,0,0,0,0,1,0
45,0,1,2,1750,6,0,0,291.6666666666667,1,4.0,0.0,4.0,0,0,0,0,0,0,1,0,0
34,0,2,2,6999,48,1,0,145.8125,0,1.0,1.0,2.0,0,0,0,0,0,0,1,0,0
27,0,2,2,1995,12,0,0,166.25,0,2.0,2.0,4.0,0,0,1,0,0,0,0,0,0
67,1,3,2,1199,9,0,0,133.22222222222223,0,1.0,2.0,3.0,0,0,0,0,1,0,0,0,0
22,0,2,2,1331,12,1,0,110.91666666666667,0,1.0,2.0,3.0,0,0,0,0,0,0,1,0,0
28,1,2,2,2278,18,1,0,126.55555555555556,0,2.0,2.0,4.0,0,0,1,0,0,0,0,0,0
29,1,2,2,5003,21,1,1,238.23809523809524,2,0.0,0.0,0.0,0,1,1,0,0,0,0,0,0
27,0,2,2,3552,24,1,0,148.0,0,1.0,1.0,2.0,0,0,0,0,0,1,0,0,0
31,0,1,2,1928,18,1,0,107.11111111111111,0,1.0,2.0,3.0,0,0,0,0,0,1,0,0,0
49,0,2,0,2964,24,0,0,123.5,1,0.0,1.0,1.0,0,0,1,0,0,0,0,0,0
24,0,1,1,1546,24,1,0,64.41666666666667,1,1.0,1.0,2.0,0,0,0,0,0,0,1,0,0
29,1,2,2,683,6,0,0,113.83333333333333,0,1.0,3.0,4.0,0,0,0,0,0,0,1,0,0
37,0,2,0,12389,36,1,0,344.1388888888889,1,0.0,2.0,2.0,0,0,1,0,0,0,0,0,0
37,0,3,2,4712,24,0,0,196.33333333333334,1,0.0,2.0,2.0,0,0,0,0,0,0,0,0,0
23,1,2,1,1553,24,0,0,64.70833333333333,1,2.0,2.0,4.0,0,0,0,0,0,0,1,0,0
36,0,2,2,1372,12,1,0,114.33333333333333,0,1.0,1.0,2.0,0,0,1,0,0,0,0,0,0
34,0,2,2,2578,24,0,0,107.41666666666667,1,3.0,0.0,3.0,0,0,0,0,0,0,1,0,0
41,0,2,2,3979,48,0,0,82.89583333333333,1,0.0,2.0,2.0,0,0,0,0,0,0,1,0,0
31,1,2,2,6758,48,1,0,140.79166666666666,0,1.0,1.0,2.0,0,0,0,0,0,0,1,0,0
23,1,1,1,3234,24,1,0,134.75,1,1.0,1.0,2.0,0,0,0,0,0,1,0,0,0
38,0,2,2,5954,30,0,0,198.46666666666667,1,1.0,0.0,1.0,0,0,0,0,0,0,1,0,0
26,1,3,1,5433,24,0,1,226.375,3,0.0,0.0,0.0,0,1,1,0,0,0,0,0,0
22,1,1,2,806,15,0,0,53.733333333333334,0,1.0,1.0,2.0,0,0,0,0,0,0,0,0,0
27,0,1,2,1082,9,0,0,120.22222222222223,0,1.0,2.0,3.0,0,0,0,0,0,0,1,0,0
24,1,2,2,2788,15,0,0,185.86666666666667,1,1.0,0.0,1.0,0,0,0,0,0,1,0,0,0
27,1,2,2,2930,12,0,0,244.16666666666666,0,1.0,2.0,3.0,0,0,0,0,0,0,1,0,0
33,1,2,2,1927,24,0,1,80.29166666666667,2,0.0,0.0,0.0,0,0,0,0,1,0,0,0,0
27,0,2,2,2820,36,1,0,78.33333333333333,0,1.0,2.0,3.0,0,0,1,0,0,0,0,0,0
27,0,1,2,937,24,0,0,39.041666666666664,1,1.0,0.0,1.0,0,0,0,0,1,0,0,0,0
30,0,2,2,1056,18,1,0,58.666666666666664,0,1.0,2.0,3.0,0,0,1,0,0,0,0,0,0
49,0,1,2,3124,12,0,0,260.3333333333333,0,1.0,2.0,3.0,0,0,1,0,0,0,0,0,0
26,1,2,1,1388,9,0,0,154.22222222222223,2,1.0,0.0,1.0,0,1,0,0,0,1,0,0,0
33,0,1,1,2384,36,1,0,66.22222222222223,1,1.0,2.0,3.0,0,0,0,0,0,0,0,1,0
52,1,3,0,2133,12,0,1,177.75,2,0.0,0.0,0.0,0,1,1,0,0,0,0,0,0
20,1,2,1,2039,18,1,0,113.27777777777777,1,1.0,1.0,2.0,0,0,0,0,0,1,0,0,0
36,0,2,1,2799,9,0,0,311.0,1,1.0,1.0,2.0,0,0,1,0,0,0,0,0,0
21,0,1,2,1289,12,0,0,107.41666666666667,0,1.0,1.0,2.0,0,0,0,0,0,1,0,0,0
47,0,1,2,1217,18,1,0,67.61111111111111,0,1.0,1.0,2.0,0,0,0,1,0,0,0,0,0
60,0,2,2,2246,12,1,0,187.16666666666666,0,1.0,1.0,2.0,0,0,0,0,0,1,0,0,0
58,1,1,2,385,12,0,0,32.083333333333336,0,1.0,1.0,2.0,0,0,0,0,0,0,1,0,0
42,1,2,1,1965,24,0,0,81.875,2,0.0,2.0,2.0,0,0,1,0,0,0,0,0,0
36,1,1,2,1572,21,0,0,74.85714285714286,1,3.0,0.0,3.0,0,0,0,0,0,0,0,0,0
20,1,1,1,2718,24,1,0,113.25,1,1.0,2.0,3.0,0,0,1,0,0,0,0,0,0
40,0,3,2,1358,24,1,0,56.583333333333336,1,0.0,1.0,1.0,0,0,0,0,0,0,0,0,1
32,1,1,2,931,6,1,0,155.16666666666666,0,2.0,2.0,4.0,0,0,1,0,0,0,0,0,0
23,1,2,1,1442,24,1,0,60.083333333333336,1,1.0,1.0,2.0,0,0,1,0,0,0,0,0,0
36,0,1,2,4241,24,1,0,176.70833333333334,0,1.0,2.0,3.0,0,0,0,0,0,0,0,0,0
31,0,2,2,2775,18,1,0,154.16666666666666,1,1.0,0.0,1.0,0,0,1,0,0,0,0,0,0
32,0,2,0,3863,24,0,0,160.95833333333334,1,1.0,0.0,1.0,0,0,0,0,0,0,0,0,0
45,1,2,2,2329,7,0,0,332.7142857142857,0,1.0,2.0,3.0,0,0,0,0,0,0,1,0,0
30,1,2,2,918,9,1,0,102.0,0,1.0,2.0,3.0,0,0,0,0,0,1,0,0,0
34,1,1,0,1837,24,1,0,76.54166666666667,0,1.0,2.0,3.0,0,0,0,0,1,0,0,0,0
28,1,3,2,3349,36,1,0,93.02777777777777,1,1.0,0.0,1.0,0,0,0,0,0,1,0,0,0
23,1,2,2,1275,10,0,0,127.5,0,1.0,3.0,4.0,0,0,0,0,0,1,0,0,0
22,0,2,2,2828,24,0,0,117.83333333333333,0,4.0,1.0,5.0,0,0,0,0,0,1,0,0,0
74,0,3,2,4526,24,0,0,188.58333333333334,1,1.0,0.0,1.0,0,0,0,0,0,0,0,0,0
50,1,2,0,2671,36,1,0,74.19444444444444,0,2.0,2.0,4.0,0,0,0,0,0,0,1,0,0
33,0,2,2,2051,18,0,0,113.94444444444444,1,1.0,0.0,1.0,0,0,0,0,0,0,1,0,0
45,0,2,0,1300,15,0,1,86.66666666666667,2,0.0,0.0,0.0,0,0,1,0,0,0,0,0,0
22,1,2,2,741,12,1,0,61.75,0,2.0,1.0,3.0,0,0,0,1,0,0,0,0,0
48,1,1,0,1240,10,1,0,124.0,0,2.0,3.0,5.0,0,0,1,0,0,0,0,0,0
29,1,2,2,3357,21,0,0,159.85714285714286,0,3.0,1.0,4.0,0,0,0,0,0,0,1,0,0
22,1,2,1,3632,24,0,0,151.33333333333334,1,1.0,1.0,2.0,0,0,1,0,0,0,0,0,0
22,1,2,2,1808,18,1,0,100.44444444444444,1,1.0,0.0,1.0,0,0,0,0,0,1,0,0,0
48,0,3,2,12204,48,0,0,254.25,1,0.0,2.0,2.0,0,0,0,0,0,0,0,0,0
27,0,3,0,9157,60,0,0,152.61666666666667,1,0.0,2.0,2.0,0,0,0,0,0,0,1,0,0
37,0,2,1,3676,6,0,0,612.6666666666666,1,1.0,1.0,2.0,0,0,1,0,0,0,0,0,0
21,1,2,1,3441,30,1,0,114.7,1,2.0,2.0,4.0,0,0,0,0,0,1,0,0,0
49,0,1,2,640,12,0,0,53.333333333333336,1,1.0,0.0,1.0,0,0,1,0,0,0,0,0,0
27,0,2,2,3652,21,0,0,173.9047619047619,0,1.0,2.0,3.0,0,0,0,0,0,0,0,0,0
32,0,2,2,1530,18,1,0,85.0,1,1.0,0.0,1.0,0,0,1,0,0,0,0,0,0
38,0,2,2,3914,48,1,1,81.54166666666667,2,0.0,0.0,0.0,1,0,0,0,0,0,0,0,0
22,1,2,1,1858,12,0,0,154.83333333333334,1,1.0,1.0,2.0,0,0,0,0,0,1,0,0,0
65,0,2,0,2600,18,1,0,144.44444444444446,0,1.0,1.0,2.0,0,0,0,0,0,0,1,0,0
35,0,2,2,1979,15,0,1,131.93333333333334,2,0.0,0.0,0.0,0,1,0,0,0,0,1,0,0
41,0,2,2,2116,6,0,0,352.6666666666667,0,1.0,3.0,4.0,0,0,0,0,0,1,0,0,0
29,0,2,2,1437,9,1,0,159.66666666666666,0,2.0,2.0,4.0,0,0,1,0,0,0,0,0,0
36,0,2,2,4042,42,0,0,96.23809523809524,1,4.0,0.0,4.0,0,0,0,0,0,1,0,0,0
64,0,1,2,3832,9,0,1,425.77777777777777,2,0.0,0.0,0.0,0,1,0,0,1,0,0,0,0
28,1,2,2,3660,24,0,0,152.5,0,1.0,1.0,2.0,0,0,0,0,0,0,1,0,0
44,0,2,2,1553,18,1,0,86.27777777777777,0,1.0,1.0,2.0,0,0,0,0,0,1,0,0,0
23,0,2,2,1444,15,0,0,96.26666666666667,1,0.0,2.0,2.0,0,0,0,0,0,0,1,0,0
19,1,2,1,1980,9,1,0,220.0,2,1.0,0.0,1.0,0,1,0,0,0,1,0,0,0
25,1,1,2,1355,24,1,0,56.458333333333336,0,1.0,2.0,3.0,0,0,1,0,0,0,0,0,0
47,0,2,2,1393,12,0,0,116.08333333333333,1,1.0,0.0,1.0,0,0,0,0,1,0,0,0,0
28,1,2,2,1376,24,0,0,57.333333333333336,1,4.0,0.0,4.0,0,0,0,0,0,0,1,0,0
21,0,2,2,15653,60,0,0,260.8833333333333,1,1.0,0.0,1.0,0,0,0,0,0,0,1,0,0
34,1,2,2,1493,12,0,0,124.41666666666667,1,1.0,0.0,1.0,0,0,0,0,0,0,1,0,0
26,0,2,2,4370,42,1,0,104.04761904761905,0,1.0,1.0,2.0,0,0,0,0,0,0,1,0,0
27,1,0,2,750,18,1,0,41.666666666666664,0,1.0,1.0,2.0,0,0,0,0,1,0,0,0,0
38,0,1,2,1308,15,0,0,87.2,0,1.0,2.0,3.0,0,0,0,0,0,0,0,1,0
40,0,3,2,4623,15,1,0,308.2,1,2.0,0.0,2.0,0,0,0,0,1,0,0,0,0
33,0,2,2,1851,24,0,0,77.125,1,1.0,0.0,1.0,0,0,0,0,0,0,1,0,0
32,0,3,2,1880,18,0,0,104.44444444444444,0,1.0,1.0,2.0,0,0,0,0,0,0,1,0,0
27,0,2,1,7980,36,1,1,221.66666666666666,3,0.0,0.0,0.0,1,1,0,0,0,0,0,0,0
32,0,2,2,4583,30,0,0,152.76666666666668,0,1.0,1.0,2.0,0,0,0,0,0,1,0,0,0
26,1,2,2,1386,12,1,0,115.5,1,4.0,0.0,4.0,0,0,1,0,0,0,0,0,0
38,0,2,0,947,24,1,0,39.458333333333336,0,1.0,3.0,4.0,0,0,1,0,0,0,0,0,0
40,0,1,1,684,12,1,0,57.0,1,1.0,1.0,2.0,0,0,0,0,1,0,0,0,0
50,0,3,0,7476,48,0,0,155.75,0,1.0,1.0,2.0,0,0,0,0,1,0,0,0,0
37,0,1,2,1922,12,1,0,160.16666666666666,0,1.0,2.0,3.0,0,0,0,0,0,1,0,0,0
45,0,2,2,2303,24,1,0,95.95833333333333,0,1.0,1.0,2.0,0,0,1,0,0,0,0,0,0
42,0,3,2,8086,36,1,0,224.61111111111111,0,2.0,2.0,4.0,0,0,1,0,0,0,0,0,0
35,0,2,2,2346,24,0,0,97.75,1,1.0,0.0,1.0,0,0,1,0,0,0,0,0,0
22,0,2,0,3973,14,0,0,283.7857142857143,0,1.0,1.0,2.0,0,0,1,0,0,0,0,0,0
41,0,1,2,888,12,1,0,74.0,0,1.0,2.0,3.0,0,0,1,0,0,0,0,0,0
37,0,2,2,10222,48,0,1,212.95833333333334,2,0.0,0.0,0.0,0,1,0,0,0,0,1,0,0
28,1,2,2,4221,30,0,0,140.7,0,1.0,2.0,3.0,0,0,0,0,0,0,0,0,0
41,0,2,2,6361,18,0,0,353.3888888888889,0,1.0,2.0,3.0,0,0,0,0,0,1,0,0,0
23,0,2,1,1297,12,0,0,108.08333333333333,1,1.0,3.0,4.0,0,0,0,0,0,0,1,0,0
23,0,2,2,900,12,1,0,75.0,1,0.0,1.0,1.0,0,0,1,0,0,0,0,0,0
50,0,2,2,2241,21,0,0,106.71428571428571,1,1.0,0.0,1.0,0,0,0,0,0,1,0,0,0
35,0,3,2,1050,6,0,0,175.0,0,1.0,2.0,3.0,0,0,0,0,0,1,0,0,0
50,1,1,2,1047,6,0,0,174.5,0,1.0,3.0,4.0,0,0,0,0,1,0,0,0,0
27,0,3,2,6314,24,0,0,263.0833333333333,1,1.0,0.0,1.0,0,0,0,0,0,0,0,0,1
34,0,2,2,3496,30,0,0,116.53333333333333,0,3.0,2.0,5.0,0,0,0,0,0,1,0,0,0
27,1,2,2,3609,48,0,0,75.1875,1,1.0,0.0,1.0,0,0,0,0,0,0,0,0,0
43,0,2,1,4843,12,1,0,403.5833333333333,1,1.0,1.0,2.0,0,0,1,0,0,0,0,0,0
47,0,2,2,3017,30,0,0,100.56666666666666,0,1.0,3.0,4.0,0,0,0,0,0,0,1,0,0
27,0,1,2,4139,24,0,0,172.45833333333334,1,2.0,0.0,2.0,0,0,0,0,0,0,0,0,0
31,0,2,2,5742,36,0,0,159.5,1,2.0,0.0,2.0,0,0,0,0,0,0,0,0,0
42,0,3,2,10366,60,0,0,172.76666666666668,1,1.0,0.0,1.0,0,0,1,0,0,0,0,0,0
24,0,2,2,2080,6,0,0,346.6666666666667,1,4.0,0.0,4.0,0,0,1,0,0,0,0,0,0
41,0,1,2,2580,21,1,0,122.85714285714286,1,4.0,0.0,4.0,0,0,0,0,0,0,0,0,0
26,1,3,1,4530,30,0,0,151.0,2,1.0,0.0,1.0,0,1,0,0,0,0,1,0,0
33,0,2,2,5150,24,0,0,214.58333333333334,1,1.0,0.0,1.0,0,0,0,0,0,1,0,0,0
24,0,2,2,5595,72,1,0,77.70833333333333,0,2.0,2.0,4.0,0,0,0,0,0,0,1,0,0
64,0,1,1,2384,24,0,0,99.33333333333333,1,1.0,1.0,2.0,0,0,0,0,0,0,1,0,0
26,1,2,2,1453,18,0,0,80.72222222222223,1,1.0,0.0,1.0,0,0,0,0,0,0,1,0,0
56,1,2,2,1538,6,0,0,256.3333333333333,1,1.0,0.0,1.0,0,0,0,0,1,0,0,0,0
37,0,2,0,2279,12,0,1,189.91666666666666,2,0.0,0.0,0.0,0,1,0,0,0,0,1,0,0
33,0,2,2,1478,15,0,0,98.53333333333333,1,1.0,0.0,1.0,0,0,0,0,0,0,1,0,0
47,0,2,0,5103,24,0,0,212.625,1,1.0,0.0,1.0,0,0,0,0,0,0,1,0,0
31,0,1,2,9857,36,0,0,273.80555555555554,0,2.0,2.0,4.0,0,0,0,0,0,0,0,0,0
34,0,2,0,6527,60,0,1,108.78333333333333,2,0.0,0.0,0.0,0,0,1,0,0,0,0,0,0
27,0,2,2,1347,10,0,0,134.7,1,0.0,3.0,3.0,0,0,0,0,0,0,1,0,0
30,0,2,0,2862,36,0,0,79.5,0,2.0,2.0,4.0,0,0,1,0,0,0,0,0,0
35,0,2,2,2753,9,0,0,305.8888888888889,1,2.0,0.0,2.0,0,0,0,0,0,0,1,0,0
31,0,2,2,3651,12,0,0,304.25,0,3.0,1.0,4.0,0,0,1,0,0,0,0,0,0
25,0,2,2,975,15,0,0,65.0,0,1.0,1.0,2.0,0,0,0,0,0,1,0,0,0
25,1,1,2,2631,15,0,0,175.4,0,2.0,2.0,4.0,0,0,0,0,0,0,0,1,0
29,0,2,2,2896,24,0,0,120.66666666666667,0,2.0,2.0,4.0,0,0,0,0,0,0,1,0,0
44,0,1,2,4716,6,0,0,786.0,1,0.0,1.0,1.0,0,0,1,0,0,0,0,0,0
28,0,2,2,2284,24,0,0,95.16666666666667,1,1.0,0.0,1.0,0,0,0,0,0,0,1,0,0
50,0,2,1,1236,6,0,0,206.0,2,4.0,0.0,4.0,0,1,1,0,0,0,0,0,0
29,0,2,2,1103,12,0,0,91.91666666666667,0,1.0,2.0,3.0,0,0,0,0,0,0,1,0,0
38,1,0,2,926,12,0,0,77.16666666666667,1,1.0,0.0,1.0,0,0,1,0,0,0,0,0,0
24,0,2,2,1800,18,0,0,100.0,1,1.0,0.0,1.0,0,0,0,0,0,0,1,0,0
40,0,3,1,1905,15,0,0,127.0,1,1.0,3.0,4.0,0,0,0,0,1,0,0,0,0
29,1,1,1,1123,12,1,0,93.58333333333333,2,4.0,0.0,4.0,0,0,0,0,0,1,0,0,0
46,0,2,0,6331,48,1,0,131.89583333333334,0,1.0,1.0,2.0,0,0,1,0,0,0,0,0,0
47,1,2,0,1377,24,0,0,57.375,0,2.0,3.0,5.0,0,0,0,0,0,0,1,0,0
41,0,2,2,2503,30,0,0,83.43333333333334,0,2.0,2.0,4.0,0,0,0,0,0,0,0,0,0
32,1,2,2,2528,27,0,0,93.62962962962963,0,1.0,2.0,3.0,0,0,0,0,0,0,0,0,0
35,1,2,0,5324,15,0,0,354.93333333333334,1,4.0,0.0,4.0,0,0,1,0,0,0,0,0,0
24,0,2,2,6560,48,1,0,136.66666666666666,0,2.0,2.0,4.0,0,0,1,0,0,0,0,0,0
25,1,2,1,2969,12,1,0,247.41666666666666,1,1.0,2.0,3.0,0,0,0,0,0,1,0,0,0
25,1,2,2,1206,9,0,0,134.0,0,1.0,2.0,3.0,0,0,0,0,0,0,1,0,0
37,0,1,2,2118,9,0,0,235.33333333333334,0,1.0,2.0,3.0,0,0,0,0,0,0,1,0,0
32,0,3,2,629,18,0,0,34.94444444444444,1,4.0,0.0,4.0,0,0,0,0,0,0,1,0,0
35,1,2,0,1198,6,1,0,199.66666666666666,0,1.0,1.0,2.0,0,0,0,0,1,0,0,0,0
46,0,3,2,2476,21,0,1,117.9047619047619,2,0.0,0.0,0.0,0,0,1,0,0,0,0,0,0
25,0,1,2,1138,9,0,0,126.44444444444444,0,1.0,1.0,2.0,0,0,0,0,0,0,1,0,0
27,0,3,2,14027,60,1,0,233.78333333333333,0,1.0,2.0,3.0,0,0,1,0,0,0,0,0,0
63,0,2,2,7596,30,0,1,253.2,2,0.0,0.0,0.0,0,1,1,0,0,0,0,0,0
40,0,2,2,3077,30,0,1,102.56666666666666,2,0.0,0.0,0.0,0,0,0,0,0,0,1,0,0
32,0,3,0,1505,18,0,0,83.61111111111111,1,1.0,0.0,1.0,0,0,0,0,0,0,1,0,0
31,0,2,2,3148,24,0,0,131.16666666666666,1,0.0,3.0,3.0,0,0,0,0,0,0,1,0,0
31,0,2,2,6148,20,0,0,307.4,0,2.0,2.0,4.0,0,0,1,0,0,0,0,0,0
34,0,3,2,1337,9,1,0,148.55555555555554,0,1.0,3.0,4.0,0,0,0,0,0,0,1,0,0
24,1,2,1,433,6,1,0,72.16666666666667,1,3.0,2.0,5.0,0,0,0,0,1,0,0,0,0
24,1,1,2,1228,12,1,0,102.33333333333333,0,1.0,1.0,2.0,0,0,1,0,0,0,0,0,0
66,1,1,2,790,9,0,0,87.77777777777777,0,4.0,2.0,6.0,0,0,0,0,0,0,1,0,0
21,1,2,1,2570,27,1,0,95.18518518518519,2,1.0,0.0,1.0,0,0,1,0,0,0,0,0,0
41,1,1,2,250,6,0,0,41.666666666666664,1,3.0,0.0,3.0,0,0,1,0,0,0,0,0,0
47,0,1,2,1316,15,0,0,87.73333333333333,1,4.0,0.0,4.0,0,0,0,0,0,0,1,0,0
25,1,2,1,1882,18,1,0,104.55555555555556,1,1.0,1.0,2.0,0,0,0,0,0,0,1,0,0
59,1,2,1,6416,48,1,0,133.66666666666666,1,1.0,2.0,3.0,0,0,0,0,0,0,0,0,0
36,0,2,2,1275,24,0,0,53.125,0,3.0,3.0,6.0,0,0,0,0,0,0,0,0,0
33,0,2,2,6403,24,0,0,266.7916666666667,0,1.0,2.0,3.0,0,0,0,0,0,0,1,0,0
21,0,1,1,1987,24,1,0,82.79166666666667,1,1.0,1.0,2.0,0,0,0,0,0,0,1,0,0
44,1,1,2,760,8,0,0,95.0,0,1.0,2.0,3.0,0,0,0,0,0,0,1,0,0
28,1,2,1,2603,24,0,0,108.45833333333333,2,3.0,0.0,3.0,0,0,1,0,0,0,0,0,0
37,1,2,2,3380,4,0,0,845.0,1,1.0,0.0,1.0,0,0,1,0,0,0,0,0,0
29,1,0,2,3990,36,0,0,110.83333333333333,1,0.0,2.0,2.0,0,0,0,1,0,0,0,0,0
23,1,3,1,11560,24,1,0,481.6666666666667,1,1.0,2.0,3.0,0,0,1,0,0,0,0,0,0
35,0,1,2,4380,18,0,0,243.33333333333334,0,2.0,1.0,3.0,0,0,1,0,0,0,0,0,0
45,0,3,2,6761,6,0,0,1126.8333333333333,1,1.0,0.0,1.0,0,0,1,0,0,0,0,0,0
26,1,1,1,4280,30,1,0,142.66666666666666,1,2.0,2.0,4.0,0,0,0,0,0,0,0,0,0
32,0,2,2,2325,24,0,0,96.875,0,2.0,1.0,3.0,0,0,1,0,0,0,0,0,0
23,0,1,2,1048,10,0,0,104.8,0,1.0,2.0,3.0,0,0,0,0,0,0,1,0,0
41,0,2,2,3160,21,0,1,150.47619047619048,2,0.0,0.0,0.0,0,1,0,0,0,0,1,0,0
22,0,2,2,2483,24,0,0,103.45833333333333,0,4.0,1.0,5.0,0,0,0,0,0,1,0,0,0
30,0,3,2,14179,39,0,0,363.56410256410254,1,0.0,1.0,1.0,0,0,0,0,0,1,0,0,0
28,0,1,2,1797,13,0,0,138.23076923076923,0,1.0,1.0,2.0,0,0,0,0,0,0,0,0,0
23,1,2,1,2511,15,0,0,167.4,1,1.0,1.0,2.0,0,0,1,0,0,0,0,0,0
37,1,1,2,1274,12,1,0,106.16666666666667,0,1.0,1.0,2.0,0,0,1,0,0,0,0,0,0
26,0,2,2,5248,21,0,1,249.9047619047619,2,0.0,0.0,0.0,0,1,1,0,0,0,0,0,0
33,0,2,2,3029,15,0,0,201.93333333333334,1,1.0,0.0,1.0,0,0,1,0,0,0,0,0,0
49,1,2,2,428,6,0,0,71.33333333333333,0,1.0,1.0,2.0,0,0,0,0,0,1,0,0,0
23,1,1,2,976,18,1,0,54.22222222222222,0,1.0,1.0,2.0,0,0,1,0,0,0,0,0,0
23,1,1,1,841,12,0,0,70.08333333333333,1,2.0,2.0,4.0,0,0,0,0,0,0,0,0,0
25,1,2,2,5771,30,0,0,192.36666666666667,1,1.0,0.0,1.0,0,0,0,0,0,0,1,0,0
55,0,2,0,1555,12,1,0,129.58333333333334,1,3.0,0.0,3.0,0,0,0,0,0,0,0,1,0
32,1,2,1,1285,24,1,0,53.541666666666664,2,0.0,1.0,1.0,0,0,1,0,0,0,0,0,0
74,0,0,2,1299,6,0,0,216.5,0,1.0,3.0,4.0,0,0,1,0,0,0,0,0,0
39,0,2,0,1271,15,1,0,84.73333333333333,1,0.0,3.0,3.0,0,0,0,0,0,0,1,0,0
31,0,2,2,1393,24,0,0,58.041666666666664,1,1.0,0.0,1.0,0,0,1,0,0,0,0,0,0
35,0,2,2,691,12,1,0,57.583333333333336,0,1.0,1.0,2.0,0,0,1,0,0,0,0,0,0
59,1,2,2,5045,15,0,1,336.3333333333333,2,0.0,0.0,0.0,0,1,1,0,0,0,0,0,0
24,1,2,1,2124,18,1,0,118.0,1,1.0,1.0,2.0,0,0,0,0,0,1,0,0,0
24,0,1,2,2214,12,0,0,184.5,0,1.0,1.0,2.0,0,0,0,0,0,0,1,0,0
30,0,3,0,12680,21,1,1,603.8095238095239,2,0.0,0.0,0.0,0,1,1,0,0,0,0,0,0
27,0,2,2,2463,24,0,0,102.625,1,2.0,0.0,2.0,0,0,1,0,0,0,0,0,0
40,0,1,2,1155,12,0,0,96.25,0,1.0,2.0,3.0,0,0,0,0,0,0,1,0,0
31,0,1,2,3108,30,1,0,103.6,0,1.0,1.0,2.0,0,0,0,0,0,1,0,0,0
31,1,2,1,2901,10,0,1,290.1,3,0.0,0.0,0.0,0,1,1,0,0,0,0,0,0
28,0,2,1,3617,12,0,0,301.4166666666667,1,1.0,2.0,3.0,0,0,0,0,0,1,0,0,0
63,0,1,2,1655,12,0,0,137.91666666666666,1,1.0,0.0,1.0,0,0,0,0,0,0,1,0,0
26,1,2,1,2812,24,0,0,117.16666666666667,2,0.0,1.0,1.0,0,0,1,0,0,0,0,0,0
25,1,3,2,8065,36,1,0,224.02777777777777,0,1.0,1.0,2.0,0,0,0,0,1,0,0,0,0
36,0,3,2,3275,21,0,0,155.95238095238096,1,1.0,0.0,1.0,0,0,1,0,0,0,0,0,0
52,0,2,2,2223,24,0,0,92.625,1,2.0,0.0,2.0,0,0,0,0,0,0,1,0,0
66,0,0,0,1480,12,0,0,123.33333333333333,0,4.0,3.0,7.0,0,0,1,0,0,0,0,0,0
25,1,2,1,1371,24,1,0,57.125,2,0.0,1.0,1.0,0,0,1,0,0,0,0,0,0
37,0,2,2,3535,36,0,0,98.19444444444444,1,1.0,0.0,1.0,0,0,1,0,0,0,0,0,0
25,1,2,2,3509,18,0,0,194.94444444444446,0,1.0,1.0,2.0,0,0,0,0,0,0,1,0,0
38,0,3,2,5711,36,0,0,158.63888888888889,1,3.0,0.0,3.0,0,0,1,0,0,0,0,0,0
67,1,2,2,3872,18,0,0,215.11111111111111,0,1.0,2.0,3.0,0,0,0,0,0,0,0,1,0
25,0,2,2,4933,39,1,0,126.48717948717949,0,1.0,2.0,3.0,0,0,0,0,0,0,1,0,0
60,0,2,2,1940,24,0,0,80.83333333333333,1,3.0,0.0,3.0,0,0,1,0,0,0,0,0,0
31,0,1,2,1410,12,0,0,117.5,0,1.0,2.0,3.0,0,0,0,0,1,0,0,0,0
23,1,1,2,836,12,1,0,69.66666666666667,0,2.0,2.0,4.0,0,0,1,0,0,0,0,0,0
60,0,3,2,6468,20,0,0,323.4,1,0.0,2.0,2.0,0,0,1,0,0,0,0,0,0
35,0,1,2,1941,18,0,0,107.83333333333333,0,3.0,2.0,5.0,0,0,0,0,0,0,0,0,0
40,0,2,2,2675,22,0,0,121.5909090909091,1,4.0,0.0,4.0,0,0,0,0,0,0,1,0,0
38,0,2,2,2751,48,0,1,57.3125,2,0.0,0.0,0.0,0,0,1,0,0,0,0,0,0
50,0,2,0,6224,48,1,0,129.66666666666666,0,1.0,2.0,3.0,0,0,0,0,1,0,0,0,0
27,0,2,2,5998,40,1,0,149.95,0,1.0,1.0,2.0,0,0,0,0,1,0,0,0,0
39,1,2,2,1188,21,1,0,56.57142857142857,0,1.0,2.0,3.0,0,0,0,0,0,0,0,0,0
41,0,3,2,6313,24,0,1,263.0416666666667,2,0.0,0.0,0.0,0,1,1,0,0,0,0,0,0
27,0,2,2,1221,6,0,1,203.5,2,0.0,0.0,0.0,0,1,0,0,0,1,0,0,0
51,0,2,0,2892,24,0,0,120.5,0,1.0,3.0,4.0,0,0,0,0,0,1,0,0,0
32,0,2,1,3062,24,0,0,127.58333333333333,2,4.0,0.0,4.0,0,0,0,0,0,1,0,0,0
22,1,2,1,2301,9,0,0,255.66666666666666,2,2.0,0.0,2.0,0,1,0,0,0,1,0,0,0
51,0,2,0,7511,18,1,0,417.27777777777777,1,0.0,1.0,1.0,0,0,1,0,0,0,0,0,0
22,1,1,1,1258,12,0,0,104.83333333333333,2,1.0,0.0,1.0,0,0,0,0,0,1,0,0,0
54,0,2,2,717,24,0,1,29.875,2,0.0,0.0,0.0,0,0,1,0,0,0,0,0,0
35,0,0,2,1549,9,0,0,172.11111111111111,1,0.0,2.0,2.0,0,0,1,0,0,0,0,0,0
54,0,2,0,1597,24,0,0,66.54166666666667,1,1.0,0.0,1.0,0,0,0,0,1,0,0,0,0
48,1,1,1,1795,18,0,0,99.72222222222223,1,1.0,2.0,3.0,0,0,0,0,0,0,1,0,0
24,1,2,2,4272,20,0,0,213.6,0,1.0,1.0,2.0,0,0,0,0,0,1,0,0,0
35,0,2,2,976,12,0,1,81.33333333333333,2,0.0,0.0,0.0,0,0,0,0,0,0,1,0,0
24,1,0,1,7472,12,0,0,622.6666666666666,2,0.0,2.0,2.0,0,1,1,0,0,0,0,0,0
24,0,2,2,9271,36,1,0,257.52777777777777,0,1.0,1.0,2.0,0,0,1,0,0,0,0,0,0
26,0,1,2,590,6,0,0,98.33333333333333,0,1.0,2.0,3.0,0,0,0,0,0,0,1,0,0
65,0,2,2,930,12,0,1,77.5,2,0.0,0.0,0.0,0,0,0,0,0,0,1,0,0
55,0,3,0,9283,42,0,0,221.02380952380952,0,1.0,2.0,3.0,0,0,1,0,0,0,0,0,0
26,1,0,1,1778,15,1,0,118.53333333333333,1,1.0,2.0,3.0,0,0,1,0,0,0,0,0,0
26,0,2,2,907,8,0,0,113.375,0,1.0,2.0,3.0,0,0,0,0,0,0,0,0,0
28,0,1,2,484,6,0,0,80.66666666666667,0,1.0,2.0,3.0,0,0,0,0,0,0,1,0,0
24,0,2,2,9629,36,1,0,267.47222222222223,0,1.0,1.0,2.0,0,0,1,0,0,0,0,0,0
54,0,2,2,3051,48,1,0,63.5625,0,1.0,1.0,2.0,0,0,0,1,0,0,0,0,0
46,0,2,0,3931,48,1,0,81.89583333333333,0,1.0,1.0,2.0,0,0,1,0,0,0,0,0,0
54,1,2,1,7432,36,0,0,206.44444444444446,1,1.0,2.0,3.0,0,0,1,0,0,0,0,0,0
62,0,2,2,1338,6,0,0,223.0,1,4.0,0.0,4.0,0,0,0,1,0,0,0,0,0
24,1,2,1,1554,6,0,0,259.0,2,1.0,0.0,1.0,0,1,0,0,0,0,1,0,0
43,0,3,2,15857,36,0,0,440.47222222222223,0,1.0,1.0,2.0,0,0,0,0,0,0,0,0,1
26,0,2,2,1345,18,1,0,74.72222222222223,0,1.0,1.0,2.0,0,0,0,0,0,0,1,0,0
27,0,2,2,1101,12,0,0,91.75,1,1.0,0.0,1.0,0,0,1,0,0,0,0,0,0
24,0,2,2,3016,12,0,0,251.33333333333334,0,1.0,3.0,4.0,0,0,0,0,0,0,1,0,0
41,0,2,2,2712,36,1,0,75.33333333333333,0,1.0,1.0,2.0,0,0,0,0,0,1,0,0,0
47,0,1,2,731,8,0,0,91.375,0,1.0,1.0,2.0,0,0,1,0,0,0,0,0,0
35,0,3,2,3780,18,0,0,210.0,1,1.0,0.0,1.0,0,0,0,0,0,1,0,0,0
30,0,2,2,1602,21,0,0,76.28571428571429,0,1.0,1.0,2.0,0,0,1,0,0,0,0,0,0
33,1,2,1,3966,18,1,0,220.33333333333334,1,1.0,1.0,2.0,0,0,1,0,0,0,0,0,0
36,0,2,2,4165,18,1,0,231.38888888888889,1,1.0,0.0,1.0,0,0,0,0,0,0,0,0,0
47,0,2,0,8335,36,1,0,231.52777777777777,1,0.0,1.0,1.0,0,0,1,0,0,0,0,0,0
38,0,2,0,6681,48,0,0,139.1875,1,0.0,2.0,2.0,0,0,0,0,0,0,0,0,0
44,0,2,2,2375,24,0,0,98.95833333333333,1,4.0,0.0,4.0,0,0,0,0,0,0,0,0,0
23,1,2,1,1216,18,1,0,67.55555555555556,1,1.0,1.0,2.0,0,0,1,0,0,0,0,0,0
29,0,2,1,11816,45,1,0,262.5777777777778,1,1.0,1.0,2.0,0,0,0,0,0,0,0,0,0
42,1,2,2,5084,24,0,0,211.83333333333334,1,0.0,2.0,2.0,0,0,0,0,0,0,1,0,0
25,1,1,2,2327,15,1,0,155.13333333333333,0,1.0,3.0,4.0,0,0,0,0,0,0,1,0,0
48,0,2,2,1082,12,1,0,90.16666666666667,0,1.0,1.0,2.0,0,0,1,0,0,0,0,0,0
21,1,2,2,886,12,0,1,73.83333333333333,2,0.0,0.0,0.0,0,0,0,0,0,0,1,0,0
23,1,1,1,601,4,0,0,150.25,2,1.0,0.0,1.0,0,1,0,0,0,1,0,0,0
63,0,2,2,2957,24,0,0,123.20833333333333,0,1.0,1.0,2.0,0,0,1,0,0,0,0,0,0
46,0,2,2,2611,24,0,0,108.79166666666667,1,1.0,0.0,1.0,0,0,0,0,0,0,1,0,0
29,0,2,2,5179,36,1,0,143.86111111111111,0,1.0,1.0,2.0,0,0,0,0,0,1,0,0,0
28,0,1,2,2993,21,0,0,142.52380952380952,1,1.0,0.0,1.0,0,0,1,0,0,0,0,0,0
23,1,2,2,1943,18,1,0,107.94444444444444,1,1.0,0.0,1.0,0,0,0,0,0,0,0,1,0
50,0,2,2,1559,24,0,0,64.95833333333333,1,1.0,0.0,1.0,0,0,0,0,0,0,0,0,0
47,0,2,2,3422,18,0,0,190.11111111111111,1,1.0,0.0,1.0,0,0,0,0,0,1,0,0,0
35,0,2,2,3976,21,0,0,189.33333333333334,1,0.0,2.0,2.0,0,0,0,0,0,1,0,0,0
68,0,2,1,6761,18,1,1,375.6111111111111,3,0.0,0.0,0.0,0,1,1,0,0,0,0,0,0
28,0,2,2,1249,24,0,0,52.041666666666664,1,1.0,0.0,1.0,0,0,1,0,0,0,0,0,0
59,0,2,2,1364,9,0,0,151.55555555555554,0,1.0,1.0,2.0,0,0,0,0,0,0,1,0,0
57,0,1,2,709,12,1,0,59.083333333333336,0,1.0,1.0,2.0,0,0,0,0,0,0,1,0,0
33,0,2,1,2235,20,1,0,111.75,1,1.0,1.0,2.0,0,0,1,0,0,0,0,0,0
43,0,2,2,4042,24,0,1,168.41666666666666,2,0.0,0.0,0.0,0,1,1,0,0,0,0,0,0
35,0,2,0,1471,15,0,0,98.06666666666666,1,1.0,0.0,1.0,0,0,0,0,0,0,1,0,0
32,0,1,0,1442,18,1,0,80.11111111111111,0,1.0,1.0,2.0,0,0,1,0,0,0,0,0,0
45,0,2,2,10875,36,0,0,302.0833333333333,1,1.0,0.0,1.0,0,0,1,0,0,0,0,0,0
33,0,2,2,1474,24,0,0,61.416666666666664,1,2.0,0.0,2.0,0,0,1,0,0,0,0,0,0
40,1,2,2,894,10,0,1,89.4,2,0.0,0.0,0.0,0,0,0,0,1,0,0,0,0
28,0,2,0,3343,15,0,0,222.86666666666667,1,1.0,0.0,1.0,0,0,0,0,0,1,0,0,0
29,1,2,2,3959,15,1,0,263.93333333333334,0,1.0,1.0,2.0,0,0,1,0,0,0,0,0,0
26,0,2,1,3577,9,0,0,397.44444444444446,2,2.0,0.0,2.0,0,1,1,0,0,0,0,0,0
27,0,2,2,5804,24,0,0,241.83333333333334,1,3.0,0.0,3.0,0,0,1,0,0,0,0,0,0
28,0,2,2,2169,18,1,0,120.5,1,1.0,0.0,1.0,0,0,0,0,0,0,0,0,0
35,1,2,2,2439,24,1,0,101.625,0,1.0,1.0,2.0,0,0,0,0,0,0,1,0,0
32,0,1,2,4526,27,0,0,167.62962962962962,1,3.0,0.0,3.0,0,0,0,0,0,1,0,0,0
25,0,1,1,2210,10,1,0,221.0,2,1.0,0.0,1.0,0,1,0,0,0,1,0,0,0
20,1,2,1,2221,15,0,0,148.06666666666666,2,4.0,0.0,4.0,0,1,0,0,0,1,0,0,0
27,1,2,2,2389,18,0,0,132.72222222222223,0,1.0,1.0,2.0,0,0,0,0,0,0,1,0,0
42,0,2,2,3331,12,0,0,277.5833333333333,1,1.0,0.0,1.0,0,0,0,0,0,1,0,0,0
37,0,2,2,7409,36,0,1,205.80555555555554,2,0.0,0.0,0.0,1,1,0,0,0,0,0,0,0
24,1,2,1,652,12,0,0,54.333333333333336,1,1.0,1.0,2.0,0,0,0,0,0,1,0,0,0
40,1,2,2,7678,36,0,0,213.27777777777777,1,4.0,0.0,4.0,0,0,0,0,0,1,0,0,0
46,0,2,2,1343,6,0,0,223.83333333333334,0,1.0,3.0,4.0,0,0,1,0,0,0,0,0,0
26,0,2,2,1382,24,0,0,57.583333333333336,0,2.0,1.0,3.0,0,0,0,0,0,0,0,0,0
24,1,2,2,874,15,0,1,58.266666666666666,2,0.0,0.0,0.0,0,0,0,1,0,0,0,0,0
29,0,1,2,3590,12,0,0,299.1666666666667,0,1.0,1.0,2.0,0,0,0,0,0,1,0,0,0
40,1,2,2,1322,11,0,0,120.18181818181819,0,3.0,2.0,5.0,0,0,1,0,0,0,0,0,0
36,0,3,0,1940,18,0,0,107.77777777777777,0,1.0,1.0,2.0,0,0,0,0,0,0,1,0,0
28,0,2,2,3595,36,0,0,99.86111111111111,1,1.0,0.0,1.0,0,0,0,0,0,0,1,0,0
27,0,3,0,1422,9,1,0,158.0,0,1.0,1.0,2.0,0,0,1,0,0,0,0,0,0
36,0,2,2,6742,30,0,1,224.73333333333332,2,0.0,0.0,0.0,0,1,0,0,0,0,1,0,0
38,0,3,2,7814,24,0,0,325.5833333333333,1,1.0,0.0,1.0,0,0,1,0,0,0,0,0,0
48,0,2,0,9277,24,0,1,386.5416666666667,2,0.0,0.0,0.0,0,1,1,0,0,0,0,0,0
36,0,2,2,2181,30,0,0,72.7,1,0.0,2.0,2.0,0,0,1,0,0,0,0,0,0
65,1,0,2,1098,18,0,0,61.0,1,1.0,0.0,1.0,0,0,0,0,0,0,1,0,0
43,0,2,2,4057,24,1,0,169.04166666666666,0,1.0,2.0,3.0,0,0,0,0,0,1,0,0,0
53,1,2,2,795,12,1,0,66.25,0,1.0,1.0,2.0,0,0,0,0,1,0,0,0,0
34,0,2,2,2825,24,0,0,117.70833333333333,1,0.0,2.0,2.0,0,0,0,0,0,0,0,0,0
23,0,2,2,15672,48,1,0,326.5,0,1.0,2.0,3.0,0,0,0,0,0,0,0,0,0
34,0,3,2,6614,36,0,0,183.72222222222223,1,1.0,0.0,1.0,0,0,1,0,0,0,0,0,0
40,0,2,1,7824,28,0,1,279.42857142857144,3,0.0,0.0,0.0,0,1,1,0,0,0,0,0,0
43,0,3,2,2442,27,0,0,90.44444444444444,0,1.0,1.0,2.0,0,0,0,0,0,0,0,0,0
46,0,2,2,1829,15,0,0,121.93333333333334,1,1.0,0.0,1.0,0,0,0,0,0,0,1,0,0
38,0,1,2,2171,12,0,0,180.91666666666666,0,1.0,1.0,2.0,0,0,1,0,0,0,0,0,0
34,0,2,2,5800,36,0,0,161.11111111111111,0,1.0,2.0,3.0,0,0,1,0,0,0,0,0,0
29,0,2,2,1169,18,0,1,64.94444444444444,2,0.0,0.0,0.0,0,0,0,0,0,0,1,0,0
31,0,3,2,8947,36,0,1,248.52777777777777,2,0.0,0.0,0.0,0,1,1,0,0,0,0,0,0
28,1,3,1,2606,21,0,0,124.0952380952381,1,1.0,1.0,2.0,0,0,0,0,0,0,1,0,0
35,1,2,2,1592,12,0,0,132.66666666666666,1,3.0,0.0,3.0,0,0,0,0,0,1,0,0,0
33,1,1,1,2186,15,0,1,145.73333333333332,3,0.0,0.0,0.0,0,1,0,0,0,1,0,0,0
42,0,2,2,4153,18,1,0,230.72222222222223,0,1.0,1.0,2.0,0,0,0,0,0,1,0,0,0
43,0,2,1,2625,16,1,0,164.0625,1,1.0,1.0,2.0,0,0,1,0,0,0,0,0,0
44,0,2,2,3485,20,0,1,174.25,2,0.0,0.0,0.0,0,1,1,0,0,0,0,0,0
42,0,2,0,10477,36,0,1,291.02777777777777,2,0.0,0.0,0.0,0,1,1,0,0,0,0,0,0
40,0,2,1,1386,15,0,1,92.4,3,0.0,0.0,0.0,0,0,0,0,0,0,1,0,0
36,0,3,2,1278,24,0,0,53.25,1,1.0,0.0,1.0,0,0,0,0,0,0,1,0,0
20,0,3,1,1107,12,0,0,92.25,1,1.0,1.0,2.0,0,0,0,0,0,0,1,0,0
24,0,1,2,3763,21,0,0,179.1904761904762,1,0.0,1.0,1.0,0,0,1,0,0,0,0,0,0
27,0,2,2,3711,36,0,0,103.08333333333333,1,0.0,2.0,2.0,0,0,0,0,1,0,0,0,0
46,1,1,2,3594,15,0,0,239.6,1,1.0,0.0,1.0,0,0,1,0,0,0,0,0,0
33,1,1,2,3195,9,0,0,355.0,1,0.0,2.0,2.0,0,0,1,0,0,0,0,0,0
34,1,2,2,4454,36,0,0,123.72222222222223,1,1.0,0.0,1.0,0,0,0,0,0,0,1,0,0
25,1,1,2,4736,24,1,0,197.33333333333334,0,1.0,2.0,3.0,0,0,0,0,0,1,0,0,0
25,1,2,2,2991,30,0,0,99.7,1,0.0,2.0,2.0,0,0,0,0,0,0,1,0,0
28,0,2,2,2142,11,0,0,194.72727272727272,1,3.0,0.0,3.0,0,0,0,0,0,0,0,0,0
31,0,2,1,3161,24,1,0,131.70833333333334,1,1.0,1.0,2.0,0,0,0,0,0,0,0,0,0
32,1,3,2,18424,48,1,0,383.8333333333333,0,1.0,2.0,3.0,0,0,0,0,0,0,0,0,1
32,0,2,2,2848,10,0,0,284.8,1,2.0,0.0,2.0,0,0,1,0,0,0,0,0,0
68,0,3,2,14896,6,1,0,2482.6666666666665,0,1.0,1.0,2.0,0,0,1,0,0,0,0,0,0
33,0,2,2,2359,24,1,0,98.29166666666667,0,2.0,1.0,3.0,0,0,0,0,0,1,0,0,0
39,0,3,1,3345,24,1,0,139.375,1,1.0,1.0,2.0,0,0,0,0,0,1,0,0,0
28,1,2,2,1817,18,0,0,100.94444444444444,1,1.0,0.0,1.0,0,0,0,0,0,1,0,0,0
37,0,3,2,12749,48,0,0,265.6041666666667,1,4.0,0.0,4.0,0,0,0,0,0,0,1,0,0
22,1,2,1,1366,9,1,0,151.77777777777777,1,1.0,1.0,2.0,0,0,0,0,0,0,1,0,0
30,0,2,1,2002,12,0,0,166.83333333333334,1,1.0,2.0,3.0,0,0,1,0,0,0,0,0,0
55,0,2,2,6872,24,1,0,286.3333333333333,0,1.0,1.0,2.0,0,0,0,0,0,1,0,0,0
46,0,2,2,697,12,1,0,58.083333333333336,0,1.0,1.0,2.0,0,0,1,0,0,0,0,0,0
21,1,2,1,1049,18,0,0,58.27777777777778,1,1.0,1.0,2.0,0,0,0,0,0,1,0,0,0
39,0,2,0,10297,48,1,0,214.52083333333334,0,1.0,1.0,2.0,0,0,1,0,0,0,0,0,0
58,0,2,2,1867,30,0,1,62.233333333333334,2,0.0,0.0,0.0,0,0,0,0,0,0,1,0,0
43,0,1,2,1344,12,0,0,112.0,0,1.0,1.0,2.0,0,0,1,0,0,0,0,0,0
24,0,1,2,1747,24,0,0,72.79166666666667,0,1.0,1.0,2.0,0,0,0,0,0,1,0,0,0
22,1,2,2,1670,9,1,0,185.55555555555554,0,1.0,2.0,3.0,0,0,0,0,0,0,1,0,0
30,0,2,2,1224,9,0,0,136.0,1,1.0,0.0,1.0,0,0,1,0,0,0,0,0,0
42,0,2,2,522,12,0,0,43.5,1,4.0,0.0,4.0,0,0,0,0,0,0,1,0,0
23,1,2,2,1498,12,0,0,124.83333333333333,0,1.0,1.0,2.0,0,0,0,0,0,0,1,0,0
30,0,3,2,1919,30,1,0,63.96666666666667,0,2.0,2.0,4.0,0,0,0,0,0,0,1,0,0
28,1,1,2,745,9,1,0,82.77777777777777,0,1.0,3.0,4.0,0,0,0,0,0,0,1,0,0
30,0,3,1,2063,6,0,0,343.8333333333333,1,1.0,2.0,3.0,0,0,0,0,0,0,1,0,0
42,0,2,0,6288,60,1,0,104.8,0,1.0,2.0,3.0,0,0,0,0,1,0,0,0,0
46,0,3,2,6842,24,0,1,285.0833333333333,2,0.0,0.0,0.0,0,1,1,0,0,0,0,0,0
45,0,3,2,3527,12,0,1,293.9166666666667,2,0.0,0.0,0.0,0,1,1,0,0,0,0,0,0
31,0,1,2,1546,10,0,0,154.6,1,1.0,0.0,1.0,0,0,1,0,0,0,0,0,0
31,0,2,2,929,24,0,1,38.708333333333336,2,0.0,0.0,0.0,0,0,0,0,0,1,0,0,0
42,0,1,2,1455,4,0,0,363.75,1,1.0,0.0,1.0,0,0,1,0,0,0,0,0,0
46,1,2,1,1845,15,0,0,123.0,1,1.0,1.0,2.0,0,0,0,0,0,1,0,0,0
30,1,2,2,8358,48,0,0,174.125,0,4.0,2.0,6.0,0,0,1,0,0,0,0,0,0
30,0,2,0,3349,24,1,0,139.54166666666666,0,4.0,1.0,5.0,0,0,0,0,0,1,0,0,0
38,0,3,2,2859,12,0,1,238.25,2,0.0,0.0,0.0,0,1,1,0,0,0,0,0,0
43,0,1,2,1533,18,1,0,85.16666666666667,1,1.0,0.0,1.0,0,0,0,0,0,1,0,0,0
31,0,2,2,3621,24,1,0,150.875,1,2.0,0.0,2.0,0,0,0,0,0,0,1,0,0
40,0,0,2,3590,18,0,0,199.44444444444446,0,1.0,2.0,3.0,0,0,0,0,0,0,0,0,0
24,0,2,2,2145,36,1,0,59.583333333333336,0,1.0,1.0,2.0,0,0,0,0,0,0,0,0,0
28,1,2,1,4113,24,1,0,171.375,1,4.0,2.0,6.0,0,0,1,0,0,0,0,0,0
26,1,3,2,10974,36,1,0,304.8333333333333,1,1.0,0.0,1.0,0,0,0,0,0,1,0,0,0
29,1,2,2,1893,12,0,0,157.75,0,1.0,1.0,2.0,0,0,1,0,0,0,0,0,0
57,1,3,1,1231,24,0,0,51.291666666666664,1,3.0,1.0,4.0,0,0,0,0,0,0,1,0,0
49,0,1,2,3656,30,0,0,121.86666666666666,1,0.0,3.0,3.0,0,0,0,0,0,0,1,0,0
37,0,1,2,1154,9,0,0,128.22222222222223,0,1.0,2.0,3.0,0,0,0,0,0,0,1,0,0
45,0,1,2,4006,28,1,0,143.07142857142858,0,1.0,1.0,2.0,0,0,1,0,0,0,0,0,0
30,0,2,0,3069,24,0,0,127.875,0,2.0,2.0,4.0,0,0,0,0,0,1,0,0,0
30,0,2,1,1740,6,0,0,290.0,2,1.0,0.0,1.0,0,1,0,0,0,0,1,0,0
47,0,2,2,2353,21,0,0,112.04761904761905,0,1.0,2.0,3.0,0,0,1,0,0,0,0,0,0
29,0,2,2,3556,15,0,1,237.06666666666666,2,0.0,0.0,0.0,0,1,1,0,0,0,0,0,0
35,0,2,2,2397,24,1,0,99.875,1,4.0,0.0,4.0,0,0,0,0,0,0,1,0,0
22,0,1,2,454,6,0,0,75.66666666666667,0,1.0,2.0,3.0,0,0,0,0,0,0,0,1,0
26,1,2,2,1715,30,0,0,57.166666666666664,1,0.0,2.0,2.0,0,0,0,0,0,0,1,0,0
23,0,1,2,2520,27,1,0,93.33333333333333,0,4.0,2.0,6.0,0,0,0,0,0,0,1,0,0
54,1,3,1,3568,15,0,0,237.86666666666667,2,1.0,0.0,1.0,0,1,0,0,0,0,1,0,0
29,0,2,1,7166,42,0,1,170.61904761904762,3,0.0,0.0,0.0,0,1,0,0,0,0,1,0,0
40,0,1,2,3939,11,0,0,358.09090909090907,0,1.0,1.0,2.0,0,0,1,0,0,0,0,0,0
22,0,2,2,1514,15,0,0,100.93333333333334,0,2.0,2.0,4.0,0,0,0,0,0,0,0,1,0
43,0,1,2,7393,24,0,0,308.0416666666667,1,1.0,0.0,1.0,0,0,1,0,0,0,0,0,0
29,1,0,1,1193,24,1,0,49.708333333333336,1,1.0,1.0,2.0,0,0,1,0,0,0,0,0,0
36,0,2,1,7297,60,1,0,121.61666666666666,1,1.0,1.0,2.0,0,0,0,0,0,0,0,0,0
33,1,2,2,2831,30,0,0,94.36666666666666,1,1.0,0.0,1.0,0,0,0,0,0,0,1,0,0
57,1,1,2,1258,24,0,0,52.416666666666664,0,4.0,3.0,7.0,0,0,0,0,0,0,1,0,0
64,1,2,2,753,6,0,0,125.5,0,1.0,2.0,3.0,0,0,0,0,0,0,1,0,0
42,0,2,2,2427,18,0,0,134.83333333333334,1,0.0,2.0,2.0,0,0,0,0,0,0,0,0,0
47,0,1,2,2538,24,1,0,105.75,1,1.0,0.0,1.0,0,0,1,0,0,0,0,0,0
25,0,2,1,1264,15,1,0,84.26666666666667,1,2.0,2.0,4.0,0,0,1,0,0,0,0,0,0
49,0,2,2,8386,30,1,0,279.53333333333336,0,1.0,2.0,3.0,0,0,0,0,0,1,0,0,0
33,0,3,1,4844,48,1,0,100.91666666666667,2,1.0,0.0,1.0,0,0,0,0,0,0,0,0,0
28,1,3,2,2923,21,0,0,139.1904761904762,0,2.0,3.0,5.0,0,0,1,0,0,0,0,0,0
26,0,2,2,8229,36,1,0,228.58333333333334,0,1.0,1.0,2.0,0,0,1,0,0,0,0,0,0
30,0,1,2,2028,24,0,0,84.5,1,1.0,0.0,1.0,0,0,0,0,0,1,0,0,0
25,1,2,1,1433,15,0,0,95.53333333333333,1,1.0,1.0,2.0,0,0,0,0,0,1,0,0,0
33,0,2,2,6289,42,0,0,149.73809523809524,0,1.0,3.0,4.0,0,0,0,0,0,0,0,0,0
64,1,2,2,1409,13,0,0,108.38461538461539,1,2.0,0.0,2.0,0,0,0,0,0,0,1,0,0
29,0,3,0,6579,24,0,0,274.125,0,1.0,1.0,2.0,0,0,1,0,0,0,0,0,0
48,0,1,2,1743,24,0,0,72.625,0,1.0,2.0,3.0,0,0,0,0,0,0,1,0,0
37,0,1,2,3565,12,0,1,297.0833333333333,2,0.0,0.0,0.0,0,1,0,0,1,0,0,0,0
34,0,1,2,1569,15,0,0,104.6,1,2.0,0.0,2.0,0,0,0,0,0,0,1,0,0
23,0,1,1,1936,18,0,0,107.55555555555556,2,0.0,1.0,1.0,0,0,0,0,0,0,1,0,0
30,0,3,2,3959,36,0,0,109.97222222222223,0,1.0,1.0,2.0,0,0,0,0,0,1,0,0,0
50,0,2,2,2390,12,0,1,199.16666666666666,2,0.0,0.0,0.0,0,1,1,0,0,0,0,0,0
31,1,1,2,1736,12,0,0,144.66666666666666,1,1.0,0.0,1.0,0,0,0,0,0,1,0,0,0
40,0,3,2,3857,30,0,0,128.56666666666666,0,1.0,1.0,2.0,0,0,1,0,0,0,0,0,0
38,0,2,2,804,12,0,0,67.0,1,1.0,0.0,1.0,0,0,0,0,0,0,1,0,0
23,0,2,0,1845,45,1,0,41.0,0,1.0,1.0,2.0,0,0,0,0,0,0,1,0,0
27,0,2,2,4576,45,0,0,101.68888888888888,0,2.0,2.0,4.0,0,0,1,0,0,0,0,0,0
